fecha_hora;lat;lon;altitud;SOC;odometro;vel;AC;calefaccion;cargando;km_restantes;carga_bat_aux;ah_generados;ah_consumidos;ah_efectivos;aislacion_negativa;aislacion_positiva;aislacion_pack_bateria;capacidad_actual;contador_peak;tiempo_peak_amperaje;corriente_instantanea;temp_maxima_celda;temp_minima_celda;vol_maximo_celda;vol_minimo_celda;pot_consumida_accesorios;pot_total_consumida;pot_total_generada;freno_servicio;pot_gen_freno_umbral_1;pot_gen_freno_umbral_2;pot_gen_freno_umbral_3;pot_gen_freno_umbral_4;pot_gen_freno_umbral_5;pot_gen_freno_umbral_6;switch_freno;SoH;ac_encendido;estado_compresor_ac;vel_crucero_activada;vel_crucero_seteada;marcha;porc_acelerador
2022-11-18 12:44:30;-36.781936;-73.086286;1;37.2;1518.2;0.0;;;;;27100.0;-3,9;70,1;66,1;59000;59000;0,000;59000;0;;1,2;26,0;25,0;3,282;3,278;35247,6;35247,6;-2019,1;;;;;;;;1;98,0;5;1;0;0;"N";0,0
2022-11-18 12:43:06;-36.781909;-73.086513;8;37.2;1518.1;0.0;;;;;27100.0;-3,9;70,0;66,1;59000;55000;0,000;55000;0;;1,6;26,0;25,0;3,281;3,277;35221,1;35221,1;-2019,1;;;;;;;;1;98,0;5;1;0;0;"D";0,0
2022-11-18 12:42:49;-36.78191;-73.086517;8;37.2;1518.1;0.0;;;;;27100.0;-3,9;70,0;66,1;56000;57500;0,000;56000;0;;2,4;26,0;25,0;3,28;3,276;35216,9;35216,9;-2019,1;;;;;;;;1;98,0;5;1;0;0;"N";0,0
2022-11-18 12:42:41;-36.781897;-73.086561;7;37.2;1518.1;0.0;;;;;27100.0;-3,9;70,0;66,1;54500;56000;0,000;54500;0;;1,9;26,0;25,0;3,28;3,276;35212,1;35212,1;-2019,1;;;;;;;;1;98,0;5;1;0;0;"D";0,0
2022-11-18 12:41:54;-36.781897;-73.086561;7;37.2;1518.1;0.0;;;;;27100.0;-3,9;70,0;66,0;56500;58000;0,000;56500;0;;1,8;26,0;25,0;3,28;3,275;35201,2;35201,2;-2019,1;0;;;;;;;0;98,0;5;1;0;0;"N";0,0
2022-11-18 12:40:54;-36.781897;-73.086561;7;37.2;1518.1;0.0;;;;;27100.0;-3,9;69,9;66,0;57000;57000;0,000;57000;0;;1,8;26,0;25,0;3,279;3,274;35187,1;35187,1;-2019,1;0;;;;;;;0;98,0;5;1;0;0;"N";0,0
2022-11-18 12:39:54;-36.781897;-73.086591;7;37.2;1518.1;3.0;;;;;27100.0;-3,9;69,9;66,0;56000;57500;0,000;56000;0;;2,6;26,0;25,0;3,276;3,272;35172,8;35172,8;-2019,1;;;;;;;;1;98,0;5;1;0;0;"N";0,0
2022-11-18 12:39:28;-36.781804;-73.086839;7;37.2;1518.1;0.0;;;;;27100.0;-3,9;69,9;65,9;57000;58500;0,000;57000;0;;1,9;26,0;25,0;3,277;3,272;35150,9;35150,9;-2019,1;;;;;;;;1;98,0;5;1;0;0;"D";0,0
2022-11-18 12:39:17;-36.781804;-73.086839;7;37.2;1518.1;0.0;;;;;27100.0;-3,9;69,9;65,9;55500;55500;0,000;55500;0;;1,9;26,0;25,0;3,276;3,272;35148,3;35148,3;-2019,1;0;;;;;;;0;98,0;5;1;0;0;"N";0,0
2022-11-18 12:38:17;-36.781832;-73.086843;6;37.2;1518.1;0.0;;;;;27100.0;-3,9;69,8;65,9;54500;56000;0,000;54500;0;;2,5;26,0;25,0;3,274;3,27;35134,1;35134,1;-2019,1;;;;;;;;1;98,0;5;1;0;0;"N";0,0
2022-11-18 12:37:44;-36.783243;-73.086072;16;37.2;1517.9;21.0;;;;;27100.0;-3,8;69,7;65,9;59500;55500;0,000;55500;0;;-19,0;26,0;25,0;3,28;3,276;35076,1;35076,1;-1964,2;0;;;;;;;0;98,0;5;1;0;0;"D";0,0
2022-11-18 12:36:44;-36.782266;-73.08827;11;37.2;1517.2;74.0;;;;;27100.0;-3,5;69,2;65,7;54500;54500;0,000;54500;0;;-59,5;26,0;25,0;3,248;3,243;34795,4;34795,4;-1774,4;0;;;;;;;0;98,0;5;1;0;0;"D";0,0
2022-11-18 12:35:44;-36.785076;-73.075805;10;38.0;1516.0;71.0;;;;;27100.0;-3,5;68,1;64,6;59000;55000;0,000;55000;0;;57,5;26,0;25,0;3,234;3,227;34243,8;34243,8;-1774,4;0;;;;;;;0;98,0;5;1;0;0;"D";50,0
2022-11-18 12:34:44;-36.792506;-73.069616;13;38.0;1514.9;70.0;;;;;27100.0;-3,3;67,1;63,8;59500;59500;0,000;59500;0;;20,3;26,0;25,0;3,255;3,25;33760,8;33760,8;-1706,9;0;;;;;;;0;98,0;5;1;0;0;"D";25,0
2022-11-18 12:33:44;-36.796977;-73.063028;27;38.4;1514.1;23.0;;;;;27100.0;-3,3;66,5;63,2;58500;54500;0,000;54500;0;;12,5;26,0;25,0;3,27;3,265;33445,3;33445,3;-1678,4;0;;;;;;;0;98,0;5;1;0;0;"D";20,0
2022-11-18 12:32:44;-36.799472;-73.056529;20;38.8;1513.5;42.0;;;;;27100.0;-3,0;65,9;62,9;59000;59000;0,000;59000;0;;78,5;26,0;25,0;3,235;3,228;33167,6;33167,6;-1567,7;0;;;;;;;0;98,0;0;1;0;0;"D";57,0
2022-11-18 12:31:44;-36.799091;-73.051812;22;38.8;1513.0;29.0;;;;;27100.0;-3,0;65,6;62,6;58000;59500;0,000;58000;0;;11,9;26,0;25,0;3,262;3,257;32992,5;32992,5;-1546,8;0;;;;;;;0;98,0;0;1;0;0;"D";15,0
2022-11-18 12:30:44;-36.798946;-73.045829;29;38.8;1512.5;75.0;;;;;27100.0;-2,7;65,4;62,8;58500;58500;0,000;58500;0;;1,6;26,0;25,0;3,22;3,212;32916,1;32916,1;-1365,5;0;;;;;;;0;98,0;0;1;0;0;"D";0,0
2022-11-18 12:29:44;-36.806902;-73.034795;24;39.2;1511.2;77.0;;;;;27100.0;-2,7;64,0;61,3;57500;59000;0,000;57500;0;;92,7;26,0;25,0;3,206;3,196;32191,1;32191,1;-1365,5;0;;;;;;;0;98,0;0;1;0;0;"D";65,0
2022-11-18 12:28:44;-36.813582;-73.022686;11;40.0;1509.9;83.0;;;;;27100.0;-2,7;62,6;59,9;58000;58000;0,000;58000;0;;80,2;26,0;25,0;3,217;3,209;31491,6;31491,6;-1365,5;0;;;;;;;0;98,0;0;1;0;0;"D";62,0
2022-11-18 12:27:44;-36.818405;-73.009562;11;40.8;1508.6;74.0;;;;;27100.0;-2,7;61,2;58,5;57000;58500;0,000;57000;0;;71,0;26,0;25,0;3,228;3,22;30795,3;30795,3;-1365,5;0;;;;;;;0;98,0;0;1;0;0;"D";56,0
2022-11-18 12:26:44;-36.820735;-72.996855;14;41.2;1507.4;45.0;;;;;27100.0;-2,7;59,9;57,2;57500;57500;0,000;57500;0;;97,7;26,0;25,0;3,233;3,222;30126,7;30126,7;-1364,1;0;;;;;;;0;98,0;0;1;0;0;"D";67,0
2022-11-18 12:25:44;-36.822141;-72.998664;22;41.2;1506.9;23.0;;;;;27100.0;-2,6;59,5;56,9;56500;58000;0,000;56500;0;;41,1;26,0;25,0;3,257;3,251;29956,9;29956,9;-1354,4;0;;;;;;;0;98,0;0;1;0;0;"D";44,0
2022-11-18 12:24:45;-36.821572;-72.998909;7;41.6;1506.8;0.0;;;;;27100.0;-2,6;59,3;56,7;57000;57000;0,000;57000;0;;1,3;26,0;25,0;3,279;3,275;29848,1;29848,1;-1354,4;;;;;;;;1;98,0;0;1;0;0;"D";0,0
2022-11-18 12:24:06;-36.821572;-72.998909;7;41.6;1506.8;0.0;;;;;27100.0;-2,6;59,3;56,7;55000;55000;0,000;55000;0;;1,8;26,0;25,0;3,278;3,273;29838,1;29838,1;-1354,4;0;;;;;;;0;98,0;0;1;0;0;"N";0,0
2022-11-18 12:23:06;-36.821572;-72.998909;7;41.6;1506.8;0.0;;;;;27100.0;-2,6;59,3;56,6;59500;55500;0,000;55500;0;;2,6;26,0;25,0;3,275;3,27;29821,6;29821,6;-1354,4;;;;;;;;1;98,0;0;1;0;0;"N";0,0
2022-11-18 12:22:56;-36.82158;-72.998916;5;41.6;1506.8;0.0;;;;;27100.0;-2,6;59,2;56,6;58000;58000;0,000;58000;0;;3,8;26,0;25,0;3,274;3,27;29814,4;29814,4;-1354,4;;;;;;;;0;98,0;0;1;0;0;"R";0,0
2022-11-18 12:22:55;-36.82158;-72.998916;5;41.6;1506.8;0.0;;;;;27100.0;-2,6;59,2;56,6;58000;58000;0,000;58000;0;;2,8;26,0;25,0;3,274;3,27;29814,2;29814,2;-1354,4;;;;;;;;1;98,0;0;1;0;0;"N";0,0
2022-11-18 12:22:43;-36.821779;-72.99888;11;41.6;1506.8;9.0;;;;;27100.0;-2,6;59,2;56,6;55000;56500;0,000;55000;0;;2,7;26,0;25,0;3,273;3,269;29807,8;29807,8;-1354,4;;;;;;;;1;98,0;0;1;0;0;"D";0,0
2022-11-18 12:21:43;-36.821469;-72.996472;11;41.6;1506.5;24.0;;;;;27100.0;-2,6;59,0;56,3;55500;55500;0,000;55500;0;;45,7;26,0;25,0;3,264;3,259;29666,0;29666,0;-1346,7;0;;;;;;;0;98,0;0;1;0;0;"D";53,0
2022-11-18 12:20:43;-36.816624;-72.987404;12;42.0;1505.5;74.0;;;;;27100.0;-2,5;58,3;55,9;54500;56000;0,000;54500;0;;5,2;26,0;25,0;3,262;3,257;29359,5;29359,5;-1267,9;0;;;;;;;0;98,0;0;1;0;0;"D";11,0
2022-11-18 12:19:43;-36.810463;-72.974335;40;42.0;1504.1;76.0;;;;;27100.0;-2,4;57,7;55,3;55000;55000;0,000;55000;0;;101,1;26,0;25,0;3,203;3,192;29039,2;29039,2;-1255,0;0;;;;;;;0;98,0;0;1;0;0;"D";64,0
2022-11-18 12:18:43;-36.801766;-72.96597;20;42.8;1502.8;79.0;;;;;27100.0;-2,4;56,3;53,8;59500;55500;0,000;55500;0;;87,1;26,0;25,0;3,218;3,209;28323,9;28323,9;-1255,0;0;;;;;;;0;98,0;0;1;0;0;"D";63,0
2022-11-18 12:17:43;-36.800365;-72.955767;19;43.2;1501.9;81.0;;;;;27100.0;-2,2;55,4;53,1;54500;54500;0,000;54500;0;;101,8;26,0;25,0;3,206;3,195;27863,9;27863,9;-1154,0;0;;;;;;;0;98,0;0;1;0;0;"D";55,0
2022-11-18 12:16:43;-36.805198;-72.944066;23;43.6;1500.6;75.0;;;;;27100.0;-2,2;54,2;52,0;59000;55000;0,000;55000;0;;73,4;26,0;25,0;3,229;3,221;27286,2;27286,2;-1139,1;0;;;;;;;0;98,0;0;1;0;0;"D";63,0
2022-11-18 12:15:43;-36.81397;-72.934924;26;44.0;1499.3;84.0;;;;;27100.0;-2,2;53,1;50,9;59500;59500;0,000;59500;0;;64,4;26,0;25,0;3,215;3,205;26726,7;26726,7;-1135,9;0;;;;;;;0;98,0;0;1;0;0;"D";50,0
2022-11-18 12:14:43;-36.824734;-72.930885;24;44.8;1497.9;80.0;;;;;27100.0;-2,2;51,8;49,6;58500;54500;0,000;54500;0;;73,8;26,0;25,0;3,227;3,22;26070,3;26070,3;-1132,0;0;;;;;;;0;98,0;0;1;0;0;"D";59,0
2022-11-18 12:13:43;-36.832941;-72.921317;29;45.2;1496.6;78.0;;;;;27100.0;-2,2;50,6;48,4;59000;59000;0,000;59000;0;;75,4;26,0;25,0;3,23;3,222;25495,3;25495,3;-1132,0;0;;;;;;;0;98,0;0;1;0;0;"D";59,0
2022-11-18 12:12:43;-36.842846;-72.920992;57;45.6;1495.3;82.0;;;;;27100.0;-2,1;50,1;48,0;58000;59500;0,000;58000;0;;74,2;26,0;25,0;3,218;3,208;25201,7;25201,7;-1064,2;0;;;;;;;0;98,0;0;1;0;0;"D";55,0
2022-11-18 12:10:43;-36.850366;-72.902027;72;46.4;1492.8;79.0;;;;;27100.0;-1,9;48,0;46,1;57500;59000;0,000;57500;0;;67,3;26,0;24,0;3,228;3,22;24181,9;24181,9;-991,5;0;;;;;;;0;98,0;0;1;0;0;"D";56,0
2022-11-18 12:09:43;-36.856085;-72.889005;72;46.8;1491.4;90.0;;;;;27100.0;-1,9;47,0;45,1;58000;58000;0,000;58000;0;;82,5;26,0;24,0;3,221;3,213;23652,1;23652,1;-991,5;0;;;;;;;0;98,0;0;1;0;0;"D";61,0
2022-11-18 12:08:43;-36.856082;-72.874078;76;47.6;1490.1;87.0;;;;;27100.0;-1,9;45,8;43,8;57000;58500;0,000;57000;0;;67,2;26,0;24,0;3,234;3,227;23045,7;23045,7;-991,5;0;;;;;;;0;98,0;0;1;0;0;"D";56,0
2022-11-18 12:07:43;-36.858844;-72.860264;100;48.0;1488.8;75.0;;;;;26700.0;-1,9;44,9;43,0;57500;57500;0,000;57500;0;;68,4;26,0;24,0;3,232;3,224;22590,3;22590,3;-956,8;0;;;;;;;0;98,0;9;0;0;0;"D";56,0
2022-11-18 12:06:43;-36.864495;-72.849844;111;48.0;1487.5;72.0;;;;;26700.0;-1,8;44,0;42,3;56500;58000;0,000;56500;0;;-18,2;26,0;24,0;3,278;3,274;22179,6;22179,6;-924,6;0;;;;;;;0;98,0;9;0;0;0;"D";0,0
2022-11-18 12:05:43;-36.865834;-72.834772;129;48.4;1486.1;90.0;;;;;26700.0;-1,7;43,3;41,5;57000;57000;0,000;57000;0;;75,6;26,0;24,0;3,229;3,221;21784,1;21784,1;-886,8;0;;;;;;;0;98,0;9;0;0;0;"D";58,0
2022-11-18 12:04:43;-36.873711;-72.824164;161;48.8;1484.8;49.0;;;;;26700.0;-1,7;42,2;40,5;56000;57500;0,000;56000;0;;20,4;26,0;24,0;3,302;3,297;21247,9;21247,9;-886,8;0;;;;;;;0;98,0;9;0;0;0;"D";29,0
2022-11-18 12:03:43;-36.875139;-72.812561;166;49.2;1483.7;82.0;;;;;26700.0;-1,2;41,4;40,2;56500;56500;0,000;56500;0;;79,6;26,0;24,0;3,229;3,221;20835,4;20835,4;-626,6;0;;;;;;;0;98,0;9;0;0;0;"D";63,0
2022-11-18 12:02:43;-36.886517;-72.804764;190;49.6;1482.2;88.0;;;;;26700.0;-1,1;40,4;39,3;55500;57000;0,000;55500;0;;74,4;26,0;24,0;3,229;3,221;20364,4;20364,4;-570,2;0;;;;;;;0;98,0;9;0;0;0;"D";59,0
2022-11-18 12:01:43;-36.89912;-72.799009;195;50.0;1480.7;92.0;;;;;26700.0;-1,1;39,2;38,1;56000;56000;0,000;56000;0;;61,3;26,0;24,0;3,235;3,227;19744,2;19744,2;-570,2;0;;;;;;;0;98,0;9;0;0;0;"D";60,0
2022-11-18 12:00:43;-36.903774;-72.783422;221;50.4;1479.2;84.0;;;;;26700.0;-1,1;38,2;37,1;55000;56500;0,000;55000;0;;69,7;26,0;24,0;3,229;3,222;19216,7;19216,7;-570,2;0;;;;;;;0;98,0;9;0;0;0;"D";57,0
2022-11-18 11:59:43;-36.91512;-72.77591;217;51.2;1477.7;93.0;;;;;26700.0;-1,1;37,0;35,9;55500;55500;0,000;55500;0;;60,5;26,0;24,0;3,23;3,223;18621,1;18621,1;-570,2;0;;;;;;;0;98,0;9;0;0;0;"D";62,0
2022-11-18 11:58:43;-36.927712;-72.768246;244;51.6;1476.1;92.0;;;;;26700.0;-1,1;36,0;34,9;54500;56000;0,000;54500;0;;84,0;26,0;24,0;3,225;3,218;18124,2;18124,2;-570,2;0;;;;;;;0;98,0;9;0;0;0;"D";72,0
2022-11-18 11:57:43;-36.938557;-72.759129;238;52.4;1474.7;88.0;;;;;26700.0;-1,1;34,5;33,4;55000;55000;0,000;55000;0;;115,3;26,0;24,0;3,204;3,193;17369,9;17369,9;-570,2;0;;;;;;;0;98,0;9;0;0;0;"D";73,0
2022-11-18 11:56:43;-36.949532;-72.749914;223;52.8;1473.2;87.0;;;;;26700.0;-1,1;32,9;31,8;59500;55500;0,000;55500;0;;69,4;26,0;24,0;3,23;3,223;16586,4;16586,4;-570,2;0;;;;;;;0;98,0;9;0;0;0;"D";55,0
2022-11-18 11:55:43;-36.958413;-72.740182;220;53.6;1471.8;71.0;;;;;26700.0;-1,1;31,6;30,5;54500;54500;0,000;54500;0;;44,4;26,0;24,0;3,246;3,24;15947,5;15947,5;-570,2;0;;;;;;;0;98,0;9;0;0;0;"D";44,0
2022-11-18 11:54:43;-36.960153;-72.728946;219;54.0;1470.8;35.0;;;;;26700.0;-1,1;30,7;29,6;59000;55000;0,000;55000;0;;52,1;26,0;24,0;3,251;3,245;15488,2;15488,2;-570,2;0;;;;;;;0;98,0;9;0;0;0;"D";46,0
2022-11-18 11:53:43;-36.9608;-72.725029;222;54.0;1470.5;69.0;;;;;26700.0;-0,9;30,6;29,7;59500;59500;0,000;59500;0;;-61,2;26,0;24,0;3,298;3,294;15417,3;15417,3;-445,6;0;;;;;;;0;98,0;9;0;0;0;"D";0,0
2022-11-18 11:52:43;-36.963079;-72.710421;255;54.0;1469.2;68.0;;;;;26700.0;-0,8;30,0;29,2;58500;54500;0,000;54500;0;;77,0;26,0;24,0;3,226;3,218;15109,3;15109,3;-392,1;0;;;;;;;0;98,0;9;0;0;0;"D";57,0
2022-11-18 11:51:43;-36.964866;-72.699173;222;54.8;1468.1;58.0;;;;;26700.0;-0,8;28,6;27,9;59000;59000;0,000;59000;0;;70,7;25,0;24,0;3,231;3,22;14418,2;14418,2;-392,1;0;;;;;;;0;98,0;9;0;0;0;"D";57,0
2022-11-18 11:50:43;-36.967702;-72.686795;197;55.2;1467.0;68.0;;;;;26700.0;-0,8;27,5;26,7;58000;59500;0,000;58000;0;;76,7;25,0;24,0;3,228;3,22;13841,6;13841,6;-392,1;0;;;;;;;0;98,0;9;0;0;0;"D";59,0
2022-11-18 11:49:43;-36.973383;-72.675937;179;56.0;1465.8;77.0;;;;;26700.0;-0,8;26,4;25,6;58500;58500;0,000;58500;0;;64,2;25,0;24,0;3,237;3,23;13302,0;13302,0;-392,1;0;;;;;;;0;98,0;9;0;0;0;"D";54,0
2022-11-18 11:48:43;-36.974235;-72.661115;198;56.0;1464.5;91.0;;;;;26700.0;-0,7;25,7;25,0;57500;59000;0,000;57500;0;;42,6;25,0;24,0;3,24;3,234;12952,3;12952,3;-353,8;0;;;;;;;0;98,0;9;0;0;0;"D";5,0
2022-11-18 11:47:43;-36.976831;-72.651421;210;56.8;1463.4;37.0;;;;;26700.0;-0,7;24,7;24,0;58000;58000;0,000;58000;0;;58,9;25,0;24,0;3,237;3,229;12420,1;12420,1;-353,8;0;;;;;;;0;98,0;9;0;0;0;"D";50,0
2022-11-18 11:46:43;-36.977536;-72.643587;158;57.2;1462.7;61.0;;;;;27100.0;-0,7;23,5;22,8;57000;58500;0,000;57000;0;;67,9;25,0;24,0;3,23;3,221;11834,9;11834,9;-353,8;0;;;;;;;0;98,0;0;1;0;0;"D";54,0
2022-11-18 11:45:43;-36.981166;-72.630648;119;58.0;1461.3;86.0;;;;;27100.0;-0,7;21,9;21,2;57500;57500;0,000;57500;0;;82,9;25,0;24,0;3,223;3,213;11051,6;11051,6;-353,8;0;;;;;;;0;98,0;0;1;0;0;"D";60,0
2022-11-18 11:44:43;-36.987367;-72.617038;115;58.4;1459.9;90.0;;;;;27100.0;-0,7;20,6;19,9;56500;58000;0,000;56500;0;;82,1;25,0;23,0;3,223;3,215;10375,1;10375,1;-353,8;0;;;;;;;0;98,0;0;1;0;0;"D";61,0
2022-11-18 11:43:43;-36.991397;-72.601307;111;59.2;1458.4;86.0;;;;;27100.0;-0,7;19,1;18,4;57000;57000;0,000;57000;0;;83,9;25,0;23,0;3,22;3,212;9648,8;9648,8;-353,8;0;;;;;;;0;98,0;0;1;0;0;"D";61,0
2022-11-18 11:42:43;-36.99631;-72.586935;106;60.0;1457.0;86.0;;;;;27100.0;-0,7;17,6;17,0;56000;57500;0,000;56000;0;;92,7;25,0;23,0;3,218;3,21;8900,0;8900,0;-353,8;0;;;;;;;0;98,0;0;1;0;0;"D";65,0
2022-11-18 11:41:43;-36.999079;-72.571146;107;60.4;1455.5;85.0;;;;;27100.0;-0,7;16,2;15,6;56500;56500;0,000;56500;0;;81,6;25,0;23,0;3,226;3,217;8203,9;8203,9;-353,8;0;;;;;;;0;98,0;0;1;0;0;"D";61,0
2022-11-18 11:40:43;-37.000428;-72.557015;108;61.2;1454.3;72.0;;;;;27100.0;-0,7;14,9;14,3;55500;57000;0,000;55500;0;;-62,8;25,0;23,0;3,305;3,3;7548,8;7548,8;-342,3;0;;;;;;;0;98,0;0;1;0;0;"D";0,0
2022-11-18 11:39:43;-37.00242;-72.542174;109;61.6;1452.9;78.0;;;;;27100.0;-0,5;13,6;13,1;56000;56000;0,000;56000;0;;131,0;25,0;23,0;3,204;3,191;6857,1;6857,1;-260,9;0;;;;;;;0;98,0;0;1;0;0;"D";78,0
2022-11-18 11:38:43;-37.006723;-72.529332;105;62.4;1451.7;71.0;;;;;27100.0;-0,4;12,2;11,8;55000;56500;0,000;55000;0;;58,9;25,0;23,0;3,241;3,234;6196,0;6196,0;-223,9;0;;;;;;;0;98,0;0;1;0;0;"D";56,0
2022-11-18 11:37:43;-37.011334;-72.515603;99;62.8;1450.4;84.0;;;;;26700.0;-0,4;11,1;10,7;55500;55500;0,000;55500;0;;69,8;25,0;23,0;3,236;3,228;5630,1;5630,1;-223,9;0;;;;;;;0;98,0;9;0;0;0;"D";57,0
2022-11-18 11:36:43;-37.015684;-72.50086;108;63.2;1448.9;91.0;;;;;26700.0;-0,4;10,0;9,6;54500;56000;0,000;54500;0;;69,8;25,0;23,0;3,231;3,224;5056,9;5056,9;-187,0;0;;;;;;;0;98,0;9;0;0;0;"D";61,0
2022-11-18 11:35:43;-37.017375;-72.484127;111;64.0;1447.4;85.0;;;;;26700.0;-0,4;8,4;8,0;55000;55000;0,000;55000;0;;99,8;25,0;23,0;3,222;3,211;4263,4;4263,4;-187,0;0;;;;;;;0;98,0;9;0;0;0;"D";68,0
2022-11-18 11:34:43;-37.021945;-72.469891;113;64.4;1446.1;81.0;;;;;26700.0;-0,4;7,1;6,8;59500;55500;0,000;55500;0;;74,4;25,0;23,0;3,235;3,228;3629,8;3629,8;-187,0;0;;;;;;;0;98,0;9;0;0;0;"D";57,0
2022-11-18 11:33:43;-37.025217;-72.455153;114;65.2;1444.7;84.0;;;;;27100.0;-0,4;5,9;5,6;54500;54500;0,000;54500;0;;66,4;25,0;23,0;3,239;3,232;3009,5;3009,5;-187,0;0;;;;;;;0;98,0;0;1;0;0;"D";57,0
2022-11-18 11:32:43;-37.028368;-72.439691;116;65.6;1443.3;82.0;;;;;27100.0;-0,4;4,5;4,1;59000;55000;0,000;55000;0;;68,9;25,0;22,0;3,244;3,237;2296,5;2296,5;-187,0;0;;;;;;;0;98,0;0;1;0;0;"D";55,0
2022-11-18 11:31:43;-37.031338;-72.425172;118;66.4;1442.0;80.0;;;;;27100.0;-0,4;3,3;2,9;59500;59500;0,000;59500;0;;71,5;24,0;22,0;3,252;3,243;1673,0;1673,0;-187,0;0;;;;;;;0;98,0;0;1;0;0;"D";57,0
2022-11-18 11:30:43;-37.035725;-72.413092;121;66.8;1440.8;40.0;;;;;27100.0;-0,4;1,8;1,5;58500;54500;0,000;54500;0;;98,1;24,0;22,0;3,265;3,254;951,5;951,5;-187,0;0;;;;;;;0;98,0;0;1;0;0;"D";64,0
2022-11-18 11:29:43;-37.037864;-72.408096;121;67.2;1440.3;48.0;;;;;27100.0;-0,2;1,4;1,2;59000;59000;0,000;59000;0;;8,8;24,0;22,0;3,309;3,304;725,6;725,6;-87,3;0;;;;;;;0;98,0;0;1;0;0;"D";8,0
2022-11-18 11:28:43;-37.038079;-72.405033;123;67.2;1439.9;0.0;;;;;27100.0;-0,2;1,0;0,8;58000;59500;0,000;58000;0;;2,2;24,0;22,0;3,325;3,321;512,0;512,0;-83,9;;;;;;;;1;98,0;0;1;0;0;"D";0,0
2022-11-18 11:28:33;-37.038079;-72.405033;123;67.2;1439.9;0.0;;;;;27100.0;-0,2;1,0;0,8;56500;58000;0,000;56500;0;;2,2;24,0;22,0;3,324;3,321;509,8;509,8;-83,9;;;;;;;;1;98,0;0;0;0;0;"N";0,0
2022-11-18 11:27:33;-37.038079;-72.405033;123;67.2;1439.9;0.0;;;;;27100.0;-0,2;1,0;0,8;57000;57000;0,000;57000;0;;2,2;24,0;22,0;3,324;3,32;491,5;491,5;-83,9;;;;;;;;1;98,0;0;1;0;0;"N";0,0
2022-11-18 11:26:33;-37.037988;-72.40504;124;67.2;1439.9;7.0;;;;;27100.0;-0,2;0,9;0,8;56000;57500;0,000;56000;0;;2,5;24,0;22,0;3,322;3,318;472,9;472,9;-83,9;;;;;;;;1;98,0;0;1;0;0;"N";0,0
2022-11-18 11:26:12;-37.037446;-72.40496;124;67.2;1439.8;0.0;;;;;27100.0;-0,1;0,8;0,7;57000;58500;0,000;57000;0;;2,2;24,0;22,0;3,323;3,319;429,4;429,4;-74,2;;;;;;;;1;98,0;0;1;0;0;"D";0,0
2022-11-18 11:25:12;-37.037413;-72.402702;124;67.6;1439.6;0.0;;;;;27100.0;-0,1;0,7;0,6;57500;57500;0,000;57500;0;;2,0;24,0;22,0;3,325;3,321;346,2;346,2;-59,7;;;;;;;;1;98,0;0;1;0;0;"D";0,0
2022-11-18 11:24:12;-37.037403;-72.400843;126;67.6;1439.5;30.0;;;;;27100.0;-0,1;0,6;0,5;56500;58000;0,000;56500;0;;53,4;24,0;22,0;3,295;3,288;293,1;293,1;-26,3;0;;;;;;;0;98,0;0;1;0;0;"D";50,0
2022-11-18 11:23:12;-37.036203;-72.400441;128;67.6;1439.3;0.0;;;;;27100.0;0,0;0,3;0,3;57000;57000;0,000;57000;0;;2,1;24,0;22,0;3,326;3,323;170,0;170,0;-8,6;;;;;;;;1;98,0;0;1;0;0;"D";0,0
2022-11-18 11:22:12;-37.035566;-72.400619;128;67.6;1439.2;0.0;;;;;27100.0;0,0;0,2;0,2;56000;57500;0,000;56000;0;;2,7;24,0;22,0;3,327;3,323;112,7;112,7;0,0;;;;;;;;1;98,0;0;1;0;0;"D";0,0
2022-11-18 11:21:31;-37.035566;-72.400619;128;67.6;1439.2;0.0;;;;;27100.0;0,0;0,2;0,2;59500;55500;0,000;55500;0;;2,4;24,0;22,0;3,327;3,324;99,8;99,8;0,0;;;;;;;;1;98,0;0;1;0;0;"N";0,0
2022-11-18 11:20:31;-37.035571;-72.400621;128;67.6;1439.2;2.0;;;;;27100.0;0,0;0,2;0,2;54500;54500;0,000;54500;0;;2,6;24,0;22,0;3,327;3,323;80,1;80,1;0,0;;;;;;;;1;98,0;0;1;0;0;"N";0,0
2022-11-18 11:19:35;-37.035556;-72.401064;126;67.6;1439.1;0.0;;;;;27100.0;0,0;0,1;0,1;55000;55000;0,000;55000;0;;1,7;24,0;22,0;3,328;3,325;47,9;47,9;0,0;;;;;;;;1;98,0;0;1;0;0;"D";0,0
2022-11-18 11:19:11;-37.035556;-72.401064;126;67.6;1439.1;0.0;;;;;27100.0;0,0;0,1;0,1;56000;56000;0,000;56000;0;;2,7;24,0;22,0;3,328;3,324;41,3;41,3;0,0;;;;;;;;1;98,0;0;1;0;0;"N";0,0
2022-11-18 11:18:50;-37.035517;-72.400945;123;67.6;1439.1;0.0;;;;;27100.0;0,0;0,1;0,1;48100;48991;0,000;48100;0;;2,3;24,0;22,0;3,329;3,325;26,9;26,9;0,0;;;;;;;;1;98,0;0;1;0;0;"D";0,0
2022-11-18 11:18:12;-37.035517;-72.400945;123;67.6;1439.1;0.0;;;;;27100.0;0,0;0,0;0,0;59000;59000;0,000;59000;0;;4,2;24,0;22,0;3,328;3,324;13,5;13,5;0,0;;;;;;;;1;98,0;0;1;0;0;"N";0,0
2022-11-18 11:17:56;-37.035517;-72.400945;123;67.6;1439.1;0.0;;;;;27100.0;0,0;0,0;0,0;56000;56000;0,000;56000;0;;2,2;24,0;22,0;3,33;3,326;0,5;0,5;0,0;;;;;;;;1;98,0;0;1;0;0;"D";0,0
2022-11-18 11:17:47;-37.035517;-72.400945;123;67.6;1439.1;0.0;;;;;;0,0;0,0;0,0;59000;59000;0,000;59000;0;;0,0;25,0;23,0;3,327;3,323;0,0;0,0;0,0;0;;;;;;;0;98,0;0;0;0;0;"N";0,0
2022-11-18 09:53:21;-37.035517;-72.400945;123;67.6;1439.1;0.0;;;;;27100.0;0,0;0,0;0,0;57500;57500;0,000;57500;0;;3,3;25,0;23,0;3,326;3,322;7,0;7,0;0,0;;;;;;;;1;98,0;0;1;0;0;"N";0,0
2022-11-18 09:53:09;-37.035517;-72.400945;123;67.6;1439.1;0.0;;;;;27100.0;0,0;0,0;0,0;56000;56000;0,000;56000;0;;1,7;25,0;23,0;3,327;3,323;1,2;1,2;0,0;;;;;;;;1;98,0;0;1;0;0;"R";0,0
2022-11-18 09:52:58;-37.035517;-72.400945;123;67.6;1439.1;0.0;;;;;;0,0;0,0;0,0;56000;56000;0,000;56000;0;;0,0;25,0;23,0;3,326;3,322;0,0;0,0;0,0;0;;;;;;;0;98,0;0;0;0;0;"N";0,0
2022-11-18 09:51:27;-37.035517;-72.400945;123;67.6;1439.1;0.0;;;;;27100.0;0,0;0,2;0,2;57000;57000;0,000;57000;0;;2,5;25,0;23,0;3,326;3,322;80,5;80,5;0,0;;;;;;;;1;98,0;0;1;0;0;"N";0,0
2022-11-18 09:50:38;-37.035505;-72.400904;120;67.6;1439.1;0.0;;;;;27100.0;0,0;0,1;0,1;59000;59000;0,000;59000;0;;1,6;25,0;23,0;3,327;3,323;52,8;52,8;0,0;;;;;;;;1;98,0;0;1;0;0;"R";0,0
2022-11-18 09:49:51;-37.035505;-72.400904;120;67.6;1439.1;0.0;;;;;27100.0;0,0;0,1;0,1;55500;55500;0,000;55500;0;;2,8;25,0;23,0;3,325;3,321;40,7;40,7;0,0;;;;;;;;1;98,0;0;1;0;0;"N";0,0
2022-11-18 09:48:52;-37.035506;-72.400843;121;67.6;1439.1;0.0;;;;;27100.0;0,0;0,0;0,0;56000;56000;0,000;56000;0;;1,7;25,0;23,0;3,328;3,324;0,3;0,3;0,0;;;;;;;;1;98,0;0;1;0;0;"R";0,0
2022-11-18 09:48:43;-37.035506;-72.400843;121;67.6;1439.1;0.0;;;;;;0,0;0,0;0,0;56500;56500;0,000;56500;0;;0,0;26,0;23,0;3,309;3,302;0,0;0,0;0,0;0;;;;;;;0;98,0;0;0;0;0;"N";0,0
2022-11-18 08:59:33;-37.035506;-72.400843;121;67.6;1439.1;0.0;;;;;27100.0;-3,8;73,1;69,2;56500;55000;0,000;55000;0;;3,2;26,0;23,0;3,308;3,301;37126,9;37126,9;-1980,6;;;;;;;;1;98,0;0;1;0;0;"N";0,0
2022-11-18 08:58:54;-37.035513;-72.400905;122;67.6;1439.1;0.0;;;;;27100.0;-3,8;73,0;69,2;54500;54500;0,000;54500;0;;2,9;26,0;23,0;3,306;3,299;37105,3;37105,3;-1980,6;;;;;;;;1;98,0;0;1;0;0;"N";0,0
2022-11-18 08:58:46;-37.035515;-72.400911;122;68.0;1439.1;0.0;;;;;27100.0;-3,8;73,0;69,2;58500;58500;0,000;58500;0;;3,3;26,0;23,0;3,307;3,299;37096,3;37096,3;-1980,6;;;;;;;;1;98,0;0;0;0;0;"D";0,0
2022-11-18 08:58:40;-37.035526;-72.400915;120;68.0;1439.1;1.0;;;;;27100.0;-3,8;73,0;69,2;57000;57000;0,000;57000;0;;2,5;26,0;23,0;3,305;3,298;37093,0;37093,0;-1980,6;;;;;;;;1;98,0;0;1;0;0;"N";0,0
2022-11-18 08:58:31;-37.035528;-72.40091;119;68.0;1439.1;0.0;;;;;27100.0;-3,8;73,0;69,2;55500;55500;0,000;55500;0;;2,6;26,0;23,0;3,306;3,298;37084,8;37084,8;-1980,6;;;;;;;;1;98,0;0;1;0;0;"N";0,0
2022-11-18 08:58:17;-37.035543;-72.400901;117;68.0;1439.1;0.0;;;;;27100.0;-3,8;73,0;69,1;58000;58000;0,000;58000;0;;2,4;26,0;23,0;3,305;3,297;37076,4;37076,4;-1980,6;;;;;;;;1;98,0;0;1;0;0;"D";0,0
2022-11-18 08:58:16;-37.035543;-72.400901;117;68.0;1439.1;0.0;;;;;27100.0;-3,8;73,0;69,1;58000;58000;0,000;58000;0;;2,4;26,0;23,0;3,305;3,297;37076,0;37076,0;-1980,6;;;;;;;;1;98,0;0;1;0;0;"N";0,0
2022-11-18 08:57:19;-37.037116;-72.400424;119;68.0;1438.9;28.0;;;;;27100.0;-3,7;72,8;69,1;58500;58500;0,000;58500;0;;47,6;26,0;23,0;3,278;3,267;36993,4;36993,4;-1947,2;0;;;;;;;0;98,0;0;1;0;0;"D";45,0
2022-11-18 08:56:19;-37.037454;-72.404584;120;68.0;1438.5;24.0;;;;;27100.0;-3,6;72,4;68,8;59000;57500;0,000;57500;0;;45,2;26,0;23,0;3,285;3,276;36780,1;36780,1;-1879,7;0;;;;;;;0;98,0;0;1;0;0;"D";50,0
2022-11-18 08:55:19;-37.038869;-72.406925;123;68.0;1438.0;58.0;;;;;27100.0;-3,4;72,1;68,8;58000;58000;0,000;58000;0;;-98,5;26,0;23,0;3,339;3,33;36650,4;36650,4;-1751,6;0;;;;;;;0;98,0;0;1;0;0;"D";0,0
2022-11-18 08:54:19;-37.033043;-72.419543;120;68.4;1436.7;78.0;;;;;27100.0;-3,2;70,9;67,7;58500;57000;0,000;57000;0;;70,4;26,0;23,0;3,248;3,236;36055,8;36055,8;-1686,6;0;;;;;;;0;98,0;0;1;0;0;"D";56,0
2022-11-18 08:53:19;-37.02979;-72.433203;117;69.2;1435.5;81.0;;;;;26700.0;-3,2;69,6;66,5;57500;57500;0,000;57500;0;;103,1;26,0;23,0;3,236;3,22;35386,5;35386,5;-1640,7;0;;;;;;;0;98,0;9;0;0;0;"D";69,0
2022-11-18 08:52:19;-37.026907;-72.447341;116;69.6;1434.2;78.0;;;;;26700.0;-3,2;68,3;65,2;58000;56500;0,000;56500;0;;20,5;26,0;23,0;3,276;3,268;34723,7;34723,7;-1640,7;0;;;;;;;0;98,0;9;0;0;0;"D";36,0
2022-11-18 08:51:19;-37.023874;-72.462184;113;70.4;1432.8;84.0;;;;;26700.0;-3,2;67,0;63,9;57000;57000;0,000;57000;0;;73,7;26,0;23,0;3,249;3,237;34083,2;34083,2;-1640,7;0;;;;;;;0;98,0;9;0;0;0;"D";59,0
2022-11-18 08:50:19;-37.019865;-72.476722;113;70.8;1431.4;81.0;;;;;26700.0;-3,2;65,7;62,5;57500;56000;0,000;56000;0;;82,7;26,0;23,0;3,247;3,234;33390,3;33390,3;-1640,7;0;;;;;;;0;98,0;9;0;0;0;"D";61,0
2022-11-18 08:49:19;-37.016559;-72.490993;111;71.6;1430.1;78.0;;;;;26700.0;-3,2;64,3;61,2;56500;56500;0,000;56500;0;;85,4;26,0;22,0;3,247;3,234;32711,6;32711,6;-1640,7;0;;;;;;;0;98,0;9;0;0;0;"D";63,0
2022-11-18 08:48:19;-37.014866;-72.505451;106;72.0;1428.8;75.0;;;;;26700.0;-3,2;63,0;59,9;57000;55500;0,000;55500;0;;73,6;25,0;22,0;3,252;3,238;32055,2;32055,2;-1640,7;0;;;;;;;0;98,0;9;0;0;0;"D";58,0
2022-11-18 08:47:19;-37.010468;-72.518569;96;72.8;1427.5;80.0;;;;;26700.0;-3,2;61,8;58,6;56000;56000;0,000;56000;0;;62,5;25,0;22,0;3,262;3,25;31423,0;31423,0;-1640,7;0;;;;;;;0;98,0;9;0;0;0;"D";54,0
2022-11-18 08:46:19;-37.005729;-72.532682;100;73.2;1426.1;81.0;;;;;26700.0;-3,2;60,6;57,5;56500;55000;0,000;55000;0;;61,5;25,0;22,0;3,265;3,254;30823,3;30823,3;-1640,7;0;;;;;;;0;98,0;9;0;0;0;"D";53,0
2022-11-18 08:45:19;-37.000902;-72.547525;119;73.6;1424.7;79.0;;;;;26700.0;-3,2;59,6;56,4;55500;55500;0,000;55500;0;;68,1;25,0;22,0;3,259;3,247;30294,2;30294,2;-1640,7;0;;;;;;;0;98,0;9;0;0;0;"D";53,0
2022-11-18 08:44:19;-37.000659;-72.561449;106;74.4;1423.5;79.0;;;;;26700.0;-3,2;58,3;55,2;56000;54500;0,000;54500;0;;72,4;25,0;22,0;3,257;3,245;29679,5;29679,5;-1640,7;0;;;;;;;0;98,0;9;0;0;0;"D";58,0
2022-11-18 08:43:19;-36.998339;-72.575637;102;74.8;1422.2;81.0;;;;;26700.0;-3,2;57,1;54,0;55000;55000;0,000;55000;0;;71,3;25,0;22,0;3,259;3,247;29058,8;29058,8;-1640,7;0;;;;;;;0;98,0;9;0;0;0;"D";57,0
2022-11-18 08:42:19;-36.996102;-72.588912;104;75.2;1421.0;68.0;;;;;26700.0;-3,2;56,0;52,8;55500;59500;0,000;55500;0;;36,4;25,0;22,0;3,285;3,276;28473,7;28473,7;-1640,7;0;;;;;;;0;98,0;9;0;0;0;"D";39,0
2022-11-18 08:41:19;-36.991569;-72.601195;107;76.0;1419.7;72.0;;;;;26700.0;-3,1;55,0;51,9;54500;54500;0,000;54500;0;;42,2;25,0;22,0;3,283;3,274;27987,4;27987,4;-1629,0;0;;;;;;;0;98,0;9;0;0;0;"D";52,0
2022-11-18 08:40:19;-36.988008;-72.61487;113;76.4;1418.4;79.0;;;;;26700.0;-3,1;54,1;51,0;55000;59000;0,000;55000;0;;64,7;25,0;22,0;3,268;3,256;27514,5;27514,5;-1629,0;0;;;;;;;0;98,0;9;0;0;0;"D";55,0
2022-11-18 08:39:19;-36.983775;-72.628387;117;76.8;1417.1;77.0;;;;;26700.0;-3,1;52,9;49,8;59500;59500;0,000;59500;0;;59,3;25,0;22,0;3,278;3,268;26925,8;26925,8;-1629,0;0;;;;;;;0;98,0;9;0;0;0;"D";52,0
2022-11-18 08:38:19;-36.976721;-72.638499;131;77.2;1415.9;57.0;;;;;26700.0;-3,1;51,9;48,8;54500;58500;0,000;54500;0;;-49,6;25,0;22,0;3,355;3,35;26392,5;26392,5;-1611,0;0;;;;;;;0;98,0;9;0;0;0;"D";0,0
2022-11-18 08:37:19;-36.977667;-72.650586;202;76.8;1414.8;67.0;;;;;26700.0;-2,1;51,9;49,8;59000;59000;0,000;59000;0;;-57,3;25,0;22,0;3,335;3,331;26392,5;26392,5;-1109,7;0;;;;;;;0;98,0;9;0;0;0;"D";0,0
2022-11-18 08:36:19;-36.974209;-72.659289;199;77.2;1413.8;61.0;;;;;26700.0;-2,0;51,0;49,0;59500;58000;0,000;58000;0;;52,3;25,0;22,0;3,271;3,258;25934,2;25934,2;-1019,9;0;;;;;;;0;98,0;9;0;0;0;"D";50,0
2022-11-18 08:35:19;-36.974495;-72.672374;179;77.6;1412.7;80.0;;;;;26700.0;-2,0;49,8;47,9;58500;58500;0,000;58500;0;;60,9;25,0;22,0;3,271;3,26;25345,6;25345,6;-1019,9;0;;;;;;;0;98,0;9;0;0;0;"D";53,0
2022-11-18 08:34:19;-36.968258;-72.685745;192;78.0;1411.3;79.0;;;;;26700.0;-1,9;48,8;46,9;59000;57500;0,000;57500;0;;73,1;25,0;22,0;3,271;3,259;24833,8;24833,8;-1008,8;0;;;;;;;0;98,0;9;0;0;0;"D";58,0
2022-11-18 08:33:19;-36.965067;-72.69868;217;78.4;1410.0;71.0;;;;;26700.0;-1,8;48,1;46,4;58000;58000;0,000;58000;0;;-62,3;25,0;22,0;3,345;3,34;24474,3;24474,3;-919,9;0;;;;;;;0;98,0;9;0;0;0;"D";0,0
2022-11-18 08:32:19;-36.962947;-72.712037;250;78.4;1408.8;53.0;;;;;26700.0;-1,5;47,4;45,9;58500;57000;0,000;57000;0;;64,7;25,0;22,0;3,264;3,251;24093,4;24093,4;-769,4;0;;;;;;;0;98,0;9;0;0;0;"D";54,0
2022-11-18 08:31:19;-36.961034;-72.724196;220;79.2;1407.7;60.0;;;;;26700.0;-1,5;45,8;44,4;57500;57500;0,000;57500;0;;57,6;25,0;22,0;3,274;3,263;23316,4;23316,4;-763,2;0;;;;;;;0;98,0;9;0;0;0;"D";51,0
2022-11-18 08:30:19;-36.960371;-72.728528;216;79.6;1407.3;1.0;;;;;26700.0;-1,5;45,1;43,7;58000;56500;0,000;56500;0;;3,2;25,0;22,0;3,313;3,308;22963,5;22963,5;-763,2;0;;;;;;;0;98,0;9;0;0;0;"D";0,0
2022-11-18 08:29:19;-36.959103;-72.736339;218;79.6;1406.6;70.0;;;;;26700.0;-1,2;44,8;43,7;57000;57000;0,000;57000;0;;62,2;25,0;22,0;3,269;3,258;22805,2;22805,2;-613,5;0;;;;;;;0;98,0;9;0;0;0;"D";53,0
2022-11-18 08:28:19;-36.952645;-72.747518;222;80.0;1405.3;80.0;;;;;26700.0;-1,2;43,7;42,5;57500;56000;0,000;56000;0;;68,2;25,0;22,0;3,266;3,254;22242,5;22242,5;-613,5;0;;;;;;;0;98,0;9;0;0;0;"D";55,0
2022-11-18 08:27:19;-36.942226;-72.756281;229;80.8;1403.9;88.0;;;;;26700.0;-1,2;42,6;41,4;56500;56500;0,000;56500;0;;55,0;25,0;22,0;3,275;3,265;21660,4;21660,4;-613,5;0;;;;;;;0;98,0;9;0;0;0;"D";47,0
2022-11-18 08:26:19;-36.932378;-72.763456;264;81.2;1402.6;53.0;;;;;26700.0;-1,2;41,6;40,5;57000;55500;0,000;55500;0;;56,9;25,0;22,0;3,269;3,258;21173,1;21173,1;-606,7;0;;;;;;;0;98,0;9;0;0;0;"D";49,0
2022-11-18 08:25:19;-36.92606;-72.770147;246;81.6;1401.7;54.0;;;;;26700.0;-1,2;40,5;39,4;56000;56000;0,000;56000;0;;61,2;25,0;22,0;3,269;3,256;20606,0;20606,0;-603,2;0;;;;;;;0;98,0;9;0;0;0;"D";52,0
2022-11-18 08:24:19;-36.917415;-72.77514;216;82.0;1400.7;76.0;;;;;26700.0;-1,2;39,3;38,2;56500;55000;0,000;55000;0;;71,8;25,0;22,0;3,262;3,25;20008,7;20008,7;-603,2;0;;;;;;;0;98,0;9;0;0;0;"D";57,0
2022-11-18 08:23:19;-36.906351;-72.779905;215;82.8;1399.3;78.0;;;;;26700.0;-1,2;38,1;36,9;55500;55500;0,000;55500;0;;71,5;25,0;22,0;3,263;3,25;19368,9;19368,9;-603,2;0;;;;;;;0;98,0;9;0;0;0;"D";57,0
2022-11-18 08:22:19;-36.901295;-72.790724;207;83.2;1398.2;76.0;;;;;27100.0;-1,1;36,9;35,8;56000;54500;0,000;54500;0;;-18,3;25,0;22,0;3,295;3,289;18772,4;18772,4;-595,6;0;;;;;;;0;98,0;0;1;0;0;"D";0,0
2022-11-18 08:21:19;-36.894964;-72.802072;197;84.0;1396.9;76.0;;;;;27100.0;-1,1;35,4;34,2;55000;55000;0,000;55000;0;;70,6;25,0;22,0;3,261;3,249;17999,1;17999,1;-593,9;0;;;;;;;0;98,0;0;1;0;0;"D";56,0
2022-11-18 08:20:19;-36.885174;-72.805169;188;84.8;1395.7;59.0;;;;;27100.0;-1,1;33,9;32,8;58500;58500;0,000;58500;0;;98,3;25,0;22,0;3,247;3,233;17273,6;17273,6;-593,9;0;;;;;;;0;98,0;0;1;0;0;"D";66,0
2022-11-18 08:19:19;-36.876356;-72.811248;164;85.2;1394.6;72.0;;;;;26700.0;-1,1;32,6;31,4;59000;59000;0,000;59000;0;;74,5;25,0;22,0;3,27;3,259;16584,1;16584,1;-593,9;0;;;;;;;0;98,0;9;0;0;0;"D";57,0
2022-11-18 08:18:19;-36.874606;-72.820575;185;85.6;1393.7;44.0;;;;;26700.0;-0,8;31,9;31,0;58000;58000;0,000;58000;0;;81,7;25,0;22,0;3,257;3,243;16215,3;16215,3;-440,4;0;;;;;;;0;98,0;9;0;0;0;"D";59,0
2022-11-18 08:17:19;-36.868893;-72.828671;138;86.0;1392.6;76.0;;;;;26700.0;-0,8;30,4;29,5;58500;58500;0,000;58500;0;;63,0;24,0;22,0;3,263;3,251;15459,5;15459,5;-440,4;0;;;;;;;0;98,0;9;0;0;0;"D";55,0
2022-11-18 08:16:19;-36.865578;-72.842355;116;86.8;1391.3;83.0;;;;;26700.0;-0,8;28,7;27,9;57500;57500;0,000;57500;0;;105,2;24,0;22,0;3,243;3,227;14636,2;14636,2;-440,4;0;;;;;;;0;98,0;9;0;0;0;"D";68,0
2022-11-18 08:15:19;-36.863759;-72.855564;95;87.6;1390.0;75.0;;;;;26700.0;-0,8;27,0;26,2;58000;58000;0,000;58000;0;;76,6;24,0;22,0;3,266;3,254;13778,2;13778,2;-440,4;0;;;;;;;0;98,0;9;0;0;0;"D";58,0
2022-11-18 08:14:19;-36.857045;-72.866102;93;88.4;1388.7;72.0;;;;;26700.0;-0,8;25,8;25,0;57000;57000;0,000;57000;0;;98,1;24,0;22,0;3,25;3,236;13161,4;13161,4;-436,5;0;;;;;;;0;98,0;9;0;0;0;"D";67,0
2022-11-18 08:13:19;-36.856488;-72.87999;74;88.8;1387.5;67.0;;;;;26700.0;-0,8;24,2;23,4;57500;57500;0,000;57500;0;;78,7;24,0;21,0;3,266;3,254;12347,5;12347,5;-436,5;0;;;;;;;0;98,0;9;0;0;0;"D";59,0
2022-11-18 08:12:19;-36.85536;-72.892857;78;89.2;1386.3;76.0;;;;;26700.0;-0,8;23,4;22,6;56500;56500;0,000;56500;0;;53,2;24,0;22,0;3,274;3,264;11953,2;11953,2;-421,5;0;;;;;;;0;98,0;9;0;0;0;"D";49,0
2022-11-18 08:11:19;-36.849892;-72.903138;75;90.0;1385.2;70.0;;;;;26700.0;-0,8;22,3;21,6;57000;57000;0,000;57000;0;;73,2;24,0;22,0;3,275;3,264;11390,4;11390,4;-392,7;0;;;;;;;0;98,0;9;0;0;0;"D";56,0
2022-11-18 08:10:19;-36.852202;-72.913492;79;90.0;1384.1;54.0;;;;;26700.0;-0,4;21,2;20,7;56000;56000;0,000;56000;0;;98,2;24,0;21,0;3,255;3,238;10806,0;10806,0;-229,7;0;;;;;;;0;98,0;9;0;0;0;"D";67,0
2022-11-18 08:09:19;-36.84685;-72.919622;64;90.8;1383.2;58.0;;;;;26700.0;-0,3;20,0;19,6;56500;56500;0,000;56500;0;;45,7;24,0;21,0;3,299;3,293;10185,1;10185,1;-170,1;0;;;;;;;0;98,0;9;0;1;0;"D";53,0
2022-11-18 08:08:19;-36.839494;-72.924211;48;91.2;1382.3;57.0;;;;;26700.0;-0,3;19,0;18,7;55500;55500;0,000;55500;0;;67,9;24,0;21,0;3,268;3,255;9689,5;9689,5;-159,4;0;;;;;;;0;98,0;9;0;0;0;"D";55,0
2022-11-18 08:07:19;-36.829445;-72.923104;29;91.6;1381.0;76.0;;;;;26700.0;-0,3;17,7;17,4;56000;56000;0,000;56000;0;;71,1;24,0;21,0;3,269;3,258;9048,1;9048,1;-159,4;0;;;;;;;0;98,0;9;0;0;0;"D";57,0
2022-11-18 08:06:19;-36.821671;-72.932202;28;92.4;1379.7;81.0;;;;;26700.0;-0,3;16,6;16,3;55000;55000;0,000;55000;0;;84,6;24,0;21,0;3,261;3,25;8463,2;8463,2;-159,4;0;;;;;;;0;98,0;9;0;0;0;"D";62,0
2022-11-18 08:05:19;-36.813072;-72.938124;24;92.8;1378.5;64.0;;;;;26700.0;-0,3;15,2;14,9;55500;55500;0,000;55500;0;;52,7;24,0;21,0;3,282;3,273;7742,1;7742,1;-159,4;0;;;;;;;0;98,0;9;0;0;0;"D";53,0
2022-11-18 08:04:19;-36.808332;-72.942973;21;93.2;1377.8;10.0;;;;;26700.0;-0,3;14,2;13,9;54500;54500;0,000;54500;0;;1,2;24,0;21,0;3,316;3,311;7246,6;7246,6;-159,4;;;;;;;;1;98,0;9;0;0;0;"D";0,0
2022-11-18 08:03:19;-36.802847;-72.946421;24;93.2;1377.1;76.0;;;;;26700.0;-0,1;14,0;13,9;55000;55000;0,000;55000;0;;54,1;24,0;21,0;3,277;3,268;7169,6;7169,6;-52,0;0;;;;;;;0;98,0;9;0;0;0;"D";49,0
2022-11-18 08:02:19;-36.800498;-72.957646;20;94.0;1376.0;68.0;;;;;26700.0;-0,1;12,9;12,8;59500;59500;0,000;59500;0;;76,3;24,0;21,0;3,271;3,26;6573,0;6573,0;-52,0;0;;;;;;;0;98,0;9;0;0;0;"D";56,0
2022-11-18 08:01:19;-36.803453;-72.969642;29;94.0;1374.8;68.0;;;;;26700.0;-0,1;12,2;12,2;54500;54500;0,000;54500;0;;73,7;24,0;21,0;3,268;3,258;6242,6;6242,6;-27,4;0;;;;;;;0;98,0;9;0;0;0;"D";57,0
2022-11-18 08:00:19;-36.812121;-72.975701;30;94.8;1373.7;56.0;;;;;26700.0;0,0;11,2;11,2;59000;59000;0,000;59000;0;;75,5;24,0;21,0;3,266;3,255;5702,4;5702,4;0,0;0;;;;;;;0;98,0;9;0;0;0;"D";58,0
2022-11-18 07:59:19;-36.817016;-72.98785;11;95.2;1372.5;78.0;;;;;26700.0;0,0;9,9;9,9;59500;59500;0,000;59500;0;;68,1;24,0;21,0;3,271;3,261;5075,9;5075,9;0,0;0;;;;;;;0;98,0;9;0;0;0;"D";55,0
2022-11-18 07:58:19;-36.820416;-73.000533;12;95.6;1371.2;79.0;;;;;26700.0;0,0;8,8;8,8;58500;58500;0,000;58500;0;;70,2;24,0;21,0;3,268;3,259;4476,3;4476,3;0,0;0;;;;;;;0;98,0;9;0;0;0;"D";56,0
2022-11-18 07:57:19;-36.817413;-73.014888;11;96.4;1369.9;78.0;;;;;26700.0;0,0;7,5;7,5;59000;59000;0,000;59000;0;;82,5;24,0;21,0;3,265;3,255;3833,2;3833,2;0,0;0;;;;;;;0;98,0;9;0;0;0;"D";61,0
2022-11-18 07:56:19;-36.811274;-73.026681;6;96.8;1368.6;78.0;;;;;26700.0;0,0;6,2;6,2;58000;58000;0,000;58000;0;;48,7;24,0;21,0;3,284;3,276;3198,0;3198,0;0,0;0;;;;;;;0;98,0;9;0;0;0;"D";46,0
2022-11-18 07:55:19;-36.8054;-73.03804;21;97.2;1367.4;65.0;;;;;26700.0;0,0;5,4;5,4;58500;58500;0,000;58500;0;;1,4;24,0;21,0;3,303;3,298;2767,3;2767,3;0,0;;;;;;;;1;98,0;9;0;0;0;"D";0,0
2022-11-18 07:54:19;-36.799014;-73.047774;25;97.6;1366.2;63.0;;;;;26700.0;0,0;4,5;4,5;57500;57500;0,000;57500;0;;74,8;23,0;21,0;3,27;3,261;2335,4;2335,4;0,0;0;;;;;;;0;98,0;9;0;0;0;"D";56,0
2022-11-18 07:53:19;-36.799229;-73.058764;20;98.4;1365.2;31.0;;;;;26700.0;0,0;3,3;3,3;58000;58000;0,000;58000;0;;1,8;23,0;21,0;3,312;3,303;1708,9;1708,9;0,0;0;;;;;;;0;98,0;9;0;0;0;"D";0,0
2022-11-18 07:52:19;-36.799078;-73.059063;21;98.4;1365.2;0.0;;;;;26700.0;0,0;3,2;3,2;57000;57000;0,000;57000;0;;1,7;23,0;21,0;3,326;3,315;1648,2;1648,2;0,0;;;;;;;;1;98,0;9;0;0;0;"D";0,0
2022-11-18 07:52:08;-36.79911;-73.059003;21;98.4;1365.2;0.0;;;;;26700.0;0,0;3,2;3,2;55500;55500;0,000;55500;0;;1,7;23,0;21,0;3,327;3,316;1632,8;1632,8;0,0;;;;;;;;1;98,0;9;0;0;0;"N";0,0
2022-11-18 07:51:42;-36.799045;-73.059128;22;98.4;1365.2;0.0;;;;;26700.0;0,0;3,2;3,2;56500;56500;0,000;56500;0;;1,1;23,0;21,0;3,326;3,315;1625,8;1625,8;0,0;;;;;;;;1;98,0;9;0;0;0;"D";0,0
2022-11-18 07:51:11;-36.799045;-73.059129;22;98.4;1365.2;0.0;;;;;26700.0;0,0;3,1;3,1;56000;56000;0,000;56000;0;;1,6;23,0;21,0;3,323;3,312;1621,4;1621,4;0,0;;;;;;;;1;98,0;9;0;0;0;"N";0,0
2022-11-18 07:50:37;-36.797612;-73.061857;29;98.4;1364.9;34.0;;;;;26700.0;0,0;3,1;3,1;55500;55500;0,000;55500;0;;18,1;23,0;21,0;3,311;3,298;1571,6;1571,6;0,0;0;;;;;;;0;98,0;9;0;0;0;"D";20,0
2022-11-18 07:49:37;-36.795558;-73.066358;17;98.8;1364.4;22.0;;;;;26700.0;0,0;2,4;2,4;54500;54500;0,000;54500;0;;51,7;24,0;21,0;3,307;3,288;1253,0;1253,0;0,0;0;;;;;;;0;98,0;9;0;0;0;"D";52,0
2022-11-18 07:48:37;-36.794102;-73.068663;13;98.8;1364.1;6.0;;;;;26700.0;0,0;2,1;2,1;55000;55000;0,000;55000;0;;1,5;24,0;21,0;3,34;3,318;1089,1;1089,1;0,0;;;;;;;;1;98,0;9;0;0;0;"D";0,0
2022-11-18 07:47:37;-36.792459;-73.06995;10;98.8;1363.9;5.0;;;;;26700.0;0,0;1,9;1,9;59500;59500;0,000;59500;0;;14,9;24,0;21,0;3,335;3,31;999,7;999,7;0,0;0;;;;;;;0;98,0;9;0;0;0;"D";53,0
2022-11-18 07:46:37;-36.788478;-73.072348;5;99.2;1363.5;36.0;;;;;26700.0;0,0;1,6;1,6;54500;54500;0,000;54500;0;;42,4;24,0;21,0;3,325;3,295;847,3;847,3;0,0;0;;;;;;;0;98,0;9;0;0;0;"D";39,0
2022-11-18 07:45:37;-36.786185;-73.073791;3;99.2;1363.2;0.0;;;;;26700.0;0,0;1,3;1,3;59000;59000;0,000;59000;0;;2,5;24,0;21,0;3,359;3,322;662,6;662,6;0,0;0;;;;;;;0;98,0;9;0;0;0;"D";7,0
2022-11-18 07:44:37;-36.784506;-73.079712;6;99.2;1362.6;51.0;;;;;26700.0;0,0;0,9;0,9;59500;59500;0,000;59500;0;;27,2;24,0;21,0;3,356;3,312;452,8;452,8;0,0;0;;;;;;;0;98,0;9;0;0;0;"D";29,0
2022-11-18 07:43:37;-36.783304;-73.086784;13;99.6;1361.9;12.0;;;;;26700.0;0,0;0,2;0,2;58500;58500;0,000;58500;0;;36,1;24,0;21,0;3,392;3,326;101,0;101,0;0,0;0;;;;;;;0;98,0;9;0;0;0;"D";59,0
2022-11-18 07:42:37;-36.781917;-73.086475;17;99.6;1361.7;0.0;;;;;26700.0;0,0;0,0;0,0;59000;59000;0,000;59000;0;;1,2;24,0;21,0;3,433;3,35;2,2;2,2;0,0;;;;;;;;1;98,0;9;0;0;0;"D";0,0
2022-11-18 07:42:22;-36.781917;-73.086475;17;99.6;1361.7;0.0;;;;;26700.0;0,0;0,0;0,0;56000;56000;0,000;56000;0;;0,5;24,0;21,0;3,435;3,351;0,1;0,1;0,0;;;;;;;;1;98,0;9;0;0;0;"N";0,0
2022-11-18 07:42:20;-36.781917;-73.086475;17;99.6;1361.7;0.0;;;;;26700.0;0,0;0,0;0,0;59999;59999;0,000;59999;0;;0,0;24,0;21,0;3,435;3,351;0,0;0,0;0,0;;;;;;;;1;98,0;9;0;0;0;"D";0,0
2022-11-18 07:42:17;-36.781917;-73.086475;17;99.6;1361.7;0.0;;;;;26600.0;0,0;0,0;0,0;59999;59999;0,000;59999;0;;0,0;24,0;21,0;3,435;3,351;0,0;0,0;0,0;;;;;;;;1;98,0;9;0;0;0;"N";0,0
2022-11-18 07:41:17;-36.781917;-73.086475;17;99.6;1361.7;0.0;;;;;26700.0;0,0;0,1;0,1;56500;56500;0,000;56500;0;;1,1;24,0;21,0;3,432;3,35;58,2;58,2;0,0;;;;;;;;1;98,0;9;0;0;0;"N";0,0
2022-11-18 07:41:01;-36.781917;-73.086475;17;100.0;1361.7;3.0;;;;;26700.0;0,0;0,1;0,1;59000;59000;0,000;59000;0;;1,8;24,0;21,0;3,433;3,35;53,1;53,1;0,0;;;;;;;;1;98,0;9;0;0;0;"R";0,0
2022-11-18 07:40:01;-36.781917;-73.086475;17;100.0;1361.7;0.0;;;;;26700.0;0,0;0,1;0,1;59500;59500;0,000;59500;0;;0,2;24,0;21,0;3,44;3,352;31,7;31,7;0,0;;;;;;;;1;98,0;9;0;0;0;"R";0,0
2022-11-18 07:39:59;-36.781917;-73.086475;17;100.0;1361.7;0.0;;;;;26700.0;0,0;0,1;0,1;58000;58000;0,000;58000;0;;0,0;24,0;21,0;3,44;3,352;31,6;31,6;0,0;0;;;;;;;0;98,0;9;0;0;0;"N";0,0
2022-11-18 07:38:59;-36.781917;-73.086475;17;100.0;1361.7;0.0;;;;;26700.0;0,0;0,1;0,1;58500;58500;0,000;58500;0;;0,2;24,0;21,0;3,44;3,352;30,9;30,9;0,0;0;;;;;;;0;98,0;9;0;0;0;"N";0,0
2022-11-18 07:37:59;-36.781917;-73.086475;17;100.0;1361.7;0.0;;;;;26700.0;0,0;0,1;0,1;57500;57500;0,000;57500;0;;0,2;24,0;21,0;3,441;3,352;29,6;29,6;0,0;0;;;;;;;0;98,0;9;0;0;0;"N";0,0
2022-11-18 07:36:59;-36.781917;-73.086475;17;100.0;1361.7;0.0;;;;;26700.0;0,0;0,1;0,1;58000;58000;0,000;58000;0;;0,2;24,0;21,0;3,442;3,353;28,5;28,5;0,0;0;;;;;;;0;98,0;9;0;0;0;"N";0,0
2022-11-18 07:35:59;-36.781917;-73.086475;17;100.0;1361.7;0.0;;;;;26700.0;0,0;0,1;0,1;57000;57000;0,000;57000;0;;0,2;24,0;21,0;3,442;3,353;27,2;27,2;0,0;0;;;;;;;0;98,0;9;0;0;0;"N";0,0
2022-11-18 07:34:59;-36.781917;-73.086475;17;100.0;1361.7;0.0;;;;;26700.0;0,0;0,0;0,0;57500;57500;0,000;57500;0;;0,0;24,0;21,0;3,443;3,353;26,1;26,1;0,0;0;;;;;;;0;98,0;9;0;0;0;"N";0,0
2022-11-18 07:33:59;-36.781917;-73.086475;17;100.0;1361.7;0.0;;;;;26700.0;0,0;0,0;0,0;56500;56500;0,000;56500;0;;0,0;24,0;21,0;3,444;3,353;25,0;25,0;0,0;0;;;;;;;0;98,0;9;0;0;0;"N";0,0
2022-11-18 07:32:59;-36.781917;-73.086475;17;100.0;1361.7;0.0;;;;;26700.0;0,0;0,0;0,0;57000;57000;0,000;57000;0;;0,2;24,0;21,0;3,444;3,353;23,8;23,8;0,0;0;;;;;;;0;98,0;9;0;0;0;"N";0,0
2022-11-18 07:31:59;-36.781917;-73.086475;17;100.0;1361.7;0.0;;;;;26700.0;0,0;0,0;0,0;56000;56000;0,000;56000;0;;0,3;24,0;21,0;3,445;3,353;22,5;22,5;0,0;0;;;;;;;0;98,0;9;0;0;0;"N";0,0
2022-11-18 07:30:59;-36.781917;-73.086475;17;100.0;1361.7;0.0;;;;;26700.0;0,0;0,0;0,0;56500;56500;0,000;56500;0;;0,3;24,0;21,0;3,446;3,353;21,1;21,1;0,0;0;;;;;;;0;98,0;9;0;0;0;"N";0,0
2022-11-18 07:29:59;-36.781917;-73.086475;17;100.0;1361.7;0.0;;;;;26700.0;0,0;0,0;0,0;55500;55500;0,000;55500;0;;0,2;24,0;21,0;3,447;3,354;19,6;19,6;0,0;0;;;;;;;0;98,0;9;0;0;0;"N";0,0
2022-11-18 07:28:59;-36.781917;-73.086475;17;100.0;1361.7;0.0;;;;;26700.0;0,0;0,0;0,0;56000;56000;0,000;56000;0;;0,2;24,0;21,0;3,447;3,354;18,0;18,0;0,0;0;;;;;;;0;98,0;9;0;0;0;"N";0,0
2022-11-18 07:27:59;-36.781917;-73.086475;17;100.0;1361.7;0.0;;;;;26700.0;0,0;0,0;0,0;55000;55000;0,000;55000;0;;0,2;24,0;21,0;3,448;3,354;16,4;16,4;0,0;0;;;;;;;0;98,0;9;0;0;0;"N";0,0
2022-11-18 07:26:59;-36.781917;-73.086475;17;100.0;1361.7;0.0;;;;;26700.0;0,0;0,0;0,0;55500;55500;0,000;55500;0;;0,2;24,0;21,0;3,449;3,354;14,7;14,7;0,0;0;;;;;;;0;98,0;9;0;0;0;"N";0,0
2022-11-18 07:25:59;-36.781917;-73.086475;17;100.0;1361.7;0.0;;;;;26700.0;0,0;0,0;0,0;54500;54500;0,000;54500;0;;0,2;24,0;21,0;3,45;3,354;12,6;12,6;0,0;0;;;;;;;0;98,0;9;0;0;0;"N";0,0
2022-11-18 07:24:59;-36.781906;-73.086458;16;100.0;1361.7;0.0;;;;;26700.0;0,0;0,0;0,0;55000;55000;0,000;55000;0;;1,3;24,0;21,0;3,449;3,354;10,2;10,2;0,0;;;;;;;;1;98,0;9;0;0;0;"N";0,0
2022-11-18 07:24:34;-36.781966;-73.086126;9;100.0;1361.7;0.0;;;;;26700.0;0,0;0,0;0,0;56000;56000;0,000;56000;0;;0,5;24,0;21,0;3,454;3,355;0,1;0,1;0,0;;;;;;;;1;98,0;9;0;0;0;"R";0,0
2022-11-18 07:24:24;-36.781942;-73.086286;4;100.0;1361.7;0.0;;;;;;0,0;0,0;0,0;56000;56000;0,000;56000;0;;0,0;24,0;21,0;3,331;3,327;0,0;0,0;0,0;0;;;;;;;0;98,0;9;0;0;0;"N";0,0
2022-11-18 05:14:58;-36.781942;-73.086286;4;88.0;1361.7;0.0;;;;;26700.0;0,0;0,1;0,1;56000;56000;0,000;56000;0;;1,9;24,0;21,0;3,33;3,326;50,4;50,4;0,0;;;;;;;;1;98,0;9;0;0;0;"N";0,0
2022-11-18 05:14:12;-36.781897;-73.086296;2;88.0;1361.6;0.0;;;;;26700.0;0,0;0,1;0,1;58000;58000;0,000;58000;0;;1,2;24,0;21,0;3,332;3,328;26,9;26,9;0,0;;;;;;;;1;98,0;9;0;0;0;"D";0,0
2022-11-18 05:13:39;-36.781897;-73.086296;2;88.0;1361.6;0.0;;;;;26700.0;0,0;0,0;0,0;57500;57500;0,000;57500;0;;1,8;24,0;21,0;3,331;3,327;22,6;22,6;0,0;;;;;;;;1;98,0;9;0;0;0;"N";0,0
2022-11-18 05:12:49;-36.781897;-73.086296;2;88.0;1361.6;0.0;;;;;26700.0;0,0;0,0;0,0;59500;59500;0,000;59500;0;;1,2;24,0;21,0;3,333;3,329;1,5;1,5;0,0;;;;;;;;1;98,0;9;0;0;0;"R";0,0
2022-11-18 05:12:39;-36.781897;-73.086296;2;88.0;1361.6;0.0;;;;;26700.0;0,0;0,0;0,0;58000;58000;0,000;58000;0;;0,7;24,0;21,0;3,333;3,329;0,4;0,4;0,0;;;;;;;;1;98,0;9;0;0;0;"N";0,0
2022-11-18 05:12:38;-36.781897;-73.086296;2;88.0;1361.6;0.0;;;;;26700.0;0,0;0,0;0,0;56500;56500;0,000;56500;0;;0,7;24,0;21,0;3,333;3,329;0,3;0,3;0,0;;;;;;;;1;98,0;9;0;0;0;"D";0,0
2022-11-18 05:12:12;-36.781897;-73.086296;2;88.0;1361.6;0.0;;;;;26700.0;0,0;0,0;0,0;57500;57500;0,000;57500;0;;1,1;24,0;21,0;3,333;3,329;2,4;2,4;0,0;;;;;;;;1;98,0;9;0;0;0;"N";0,0
2022-11-18 05:12:11;-36.781897;-73.086296;2;88.0;1361.6;0.0;;;;;26700.0;0,0;0,0;0,0;57500;57500;0,000;57500;0;;1,0;24,0;21,0;3,333;3,329;2,3;2,3;0,0;;;;;;;;1;98,0;9;0;0;0;"N";0,0
2022-11-18 05:12:10;-36.781897;-73.086296;2;88.0;1361.6;0.0;;;;;26700.0;0,0;0,0;0,0;57500;57500;0,000;57500;0;;1,0;24,0;21,0;3,333;3,329;2,1;2,1;0,0;;;;;;;;1;98,0;9;0;0;0;"D";0,0
2022-11-18 05:11:51;-36.781866;-73.086527;1;88.0;1361.6;0.0;;;;;;0,0;0,0;0,0;57500;57500;0,000;57500;0;;0,0;28,0;25,0;3,322;3,318;0,0;0,0;0,0;0;;;;;;;0;98,0;9;0;0;0;"N";0,0
