Vehicle ID,Charger ID,Local Connect Time,Local Disconnect Time,Local Charge Start Time,Local Charge E/Time,Average Power,Max Power,Total Energy Delivered,Starting SOC,Ending SOC
EV030,CH007-CH008,,,8/13/2018 18:33,8/13/2018 18:45,190.52,226.86,34.084,53.5,100
EV030,CH007-CH008,,,8/13/2018 17:38,8/13/2018 17:44,311.454,357.92,28.693,55,93
EV030,CH007-CH008,,,8/13/2018 16:28,8/13/2018 16:35,238.616,372.64,25.437,63,100
EV030,CH007-CH008,,,8/13/2018 15:27,8/13/2018 15:34,299.785,359.04,28.74,59,99
EV030,CH007-CH008,,,8/13/2018 14:25,8/13/2018 14:33,326.825,362.3,29.024,58.5,100
EV030,CH007-CH008,,,8/13/2018 13:26,8/13/2018 13:34,290.677,374.36,29.082,58.5,100
EV030,CH007-CH008,,,8/13/2018 12:31,8/13/2018 12:39,293.858,369.18,31.669,55.5,97
EV030,CH007-CH008,,,8/13/2018 11:24,8/13/2018 11:31,292.553,350,26.331,62,100
EV030,CH007-CH008,,,8/13/2018 10:31,8/13/2018 10:37,307.851,379.06,24.046,65,100
EV030,CH007-CH008,,,8/13/2018 9:27,8/13/2018 9:35,316.296,364.82,28.591,60,100
EV030,CH007-CH008,,,8/13/2018 8:25,8/13/2018 8:31,96.801,252.46,23.061,66.5,100
EV030,CH007-CH008,,,8/13/2018 7:28,8/13/2018 7:33,309.588,362.9,19.324,74.5,100
EV030,CH007-CH008,,,8/13/2018 6:30,8/13/2018 6:39,229.868,337.3,29.043,59.5,100
EV030,CH007-CH008,,,8/9/2018 18:35,8/9/2018 18:45,300.925,317.66,31.605,56,100
EV030,CH007-CH008,,,8/9/2018 17:34,8/9/2018 17:42,198.873,299.82,27.16,60.5,99.5
EV030,CH007-CH008,,,8/9/2018 16:35,8/9/2018 16:45,274.354,362.36,33.262,55,100
EV030,CH007-CH008,,,8/9/2018 15:28,8/9/2018 15:36,318.658,361.12,34.462,53.5,100
EV030,CH007-CH008,,,8/9/2018 14:28,8/9/2018 14:37,260.489,348.06,33.945,54.5,100
EV030,CH007-CH008,,,8/9/2018 13:26,8/9/2018 13:32,284.125,372.36,24.705,63.5,100
EV030,CH007-CH008,,,8/9/2018 12:28,8/9/2018 12:36,266.506,351.9,30.713,56.5,99.5
EV030,CH007-CH008,,,8/9/2018 11:27,8/9/2018 11:34,255.765,336,26.081,60.5,97.5
EV030,CH007-CH008,,,8/9/2018 10:27,8/9/2018 10:33,293.924,359.14,22.652,66.5,100
EV030,CH007-CH008,,,8/9/2018 9:28,8/9/2018 9:37,320.835,365.64,30.781,57,99
EV030,CH007-CH008,,,8/9/2018 8:27,8/9/2018 8:33,269.941,338.52,22.396,67,100
EV030,CH007-CH008,,,8/9/2018 7:28,8/9/2018 7:34,293.417,370,21.966,68,100
EV030,CH007-CH008,,,8/9/2018 6:28,8/9/2018 6:34,237.76,357.18,20.696,72.5,100
EV030,CH007-CH008,,,8/8/2018 19:21,8/8/2018 19:31,251.983,281.68,31.811,56,100
EV030,CH007-CH008,,,8/8/2018 18:13,8/8/2018 18:24,200.287,308.02,35.38,51.5,99.5
EV030,CH007-CH008,,,8/8/2018 17:18,8/8/2018 17:25,314.745,365.24,31.426,51,92.5
EV030,CH007-CH008,,,8/8/2018 16:18,8/8/2018 16:27,270.504,325.9,40.015,44,98
EV030,CH007-CH008,,,8/8/2018 15:21,8/8/2018 15:25,252.88,346.52,18.727,54.5,80
EV030,CH007-CH008,,,8/8/2018 14:07,8/8/2018 14:17,218.365,262.42,29.53,57.5,100
EV030,CH007-CH008,,,8/8/2018 13:05,8/8/2018 13:14,201.145,278.86,29.416,57.5,98.5
EV030,CH007-CH008,,,8/8/2018 12:09,8/8/2018 12:16,320.516,370.46,28.74,57.5,97
EV030,CH007-CH008,,,8/8/2018 11:11,8/8/2018 11:17,291.079,366.82,22.338,67,100
EV030,CH007-CH008,,,8/8/2018 10:10,8/8/2018 10:19,255.608,357.48,32.428,56,98
EV030,CH007-CH008,,,8/8/2018 9:15,8/8/2018 9:19,179.883,313.56,18.493,72.5,96.5
EV030,CH007-CH008,,,8/8/2018 8:13,8/8/2018 8:19,276.004,369.7,23.261,66.5,100
EV030,CH007-CH008,,,8/8/2018 7:13,8/8/2018 7:19,241.673,375.56,20.059,73.5,100
EV030,CH007-CH008,,,8/8/2018 6:13,8/8/2018 6:23,239.045,357.4,34.299,54.5,100
EV030,CH007-CH008,,,8/6/2018 19:20,8/6/2018 19:26,316.555,366.72,31.273,52.5,94
EV030,CH007-CH008,,,8/6/2018 18:15,8/6/2018 18:25,236.078,281.12,36.548,49,99.5
EV030,CH007-CH008,,,8/6/2018 17:08,8/6/2018 17:21,323.588,360.06,58.149,20,99
EV030,CH007-CH008,,,8/6/2018 16:13,8/6/2018 16:18,311.684,348.5,25.835,31.5,65.5
EV030,CH007-CH008,,,8/6/2018 15:21,8/6/2018 15:24,317.369,362.6,19.18,50,76.5
EV030,CH007-CH008,,,8/6/2018 14:10,8/6/2018 14:19,260.454,354.66,36.798,50,100
EV030,CH007-CH008,,,8/6/2018 13:05,8/6/2018 13:13,276.31,316.24,40.357,42.5,96.5
EV030,CH007-CH008,,,8/6/2018 12:13,8/6/2018 12:15,272.783,319.22,11.296,66,84
EV030,CH007-CH008,,,8/6/2018 11:13,8/6/2018 11:21,307.246,370.48,27.877,60.5,100
EV030,CH007-CH008,,,8/6/2018 10:12,8/6/2018 10:18,258.166,301.44,20.176,72.5,99
EV030,CH007-CH008,,,8/6/2018 9:08,8/6/2018 9:15,231.315,370.96,26.748,61.5,100
EV030,CH007-CH008,,,8/6/2018 8:14,8/6/2018 8:20,282.454,341.26,26.493,62,100
EV030,CH007-CH008,,,8/6/2018 7:11,8/6/2018 7:18,247.606,302.48,23.69,66,100
EV030,CH007-CH008,,,8/6/2018 6:18,8/6/2018 6:23,323.693,379.12,25.16,57,90.5
EV030,CH007-CH008,,,8/4/2018 18:52,8/4/2018 18:59,210.741,340.3,24.723,64,100
EV030,CH007-CH008,,,8/4/2018 18:12,8/4/2018 18:20,236.481,369.54,29.993,57.5,99
EV030,CH007-CH008,,,8/4/2018 17:12,8/4/2018 17:21,296.175,356.24,33.161,55,100
EV030,CH007-CH008,,,8/4/2018 16:05,8/4/2018 16:14,234.563,268,29.497,58,100
EV030,CH007-CH008,,,8/4/2018 15:04,8/4/2018 15:13,154.258,269.5,31.987,56,100
EV030,CH007-CH008,,,8/4/2018 14:08,8/4/2018 14:17,233.776,340.98,35.647,51.5,100
EV030,CH007-CH008,,,8/4/2018 13:10,8/4/2018 13:18,258.507,318.34,31.347,52,93.5
EV030,CH007-CH008,,,8/4/2018 12:04,8/4/2018 12:14,274.647,366.24,40.27,44.5,99.5
EV030,CH007-CH008,,,8/4/2018 11:12,8/4/2018 11:15,259.632,319.12,13.578,57,77.5
EV030,CH007-CH008,,,8/4/2018 10:03,8/4/2018 10:09,292.902,349.82,23.513,65,98.5
EV030,CH007-CH008,,,8/4/2018 8:59,8/4/2018 9:07,-3.298,53.56,36.479,50.5,99
EV030,CH007-CH008,,,8/2/2018 19:21,8/2/2018 19:27,301.205,360.86,28.248,55,92
EV030,CH007-CH008,,,8/2/2018 18:14,8/2/2018 18:24,304.605,348.84,35.811,51,100
EV030,CH007-CH008,,,8/2/2018 17:11,8/2/2018 17:20,327.938,360.5,36.557,49.5,99.5
EV030,CH007-CH008,,,8/2/2018 16:09,8/2/2018 16:19,258.714,338.6,41.795,42,99
EV030,CH007-CH008,,,8/2/2018 15:14,8/2/2018 15:18,286.881,350.48,21.378,53,82
EV030,CH007-CH008,,,8/2/2018 14:07,8/2/2018 14:16,299.496,346.48,36.295,50.5,100
EV030,CH007-CH008,,,8/2/2018 13:05,8/2/2018 13:16,288.816,341.92,42.67,41.5,99
EV030,CH007-CH008,,,8/2/2018 12:11,8/2/2018 12:16,319.071,340.96,26.754,46,82.5
EV030,CH007-CH008,,,8/2/2018 11:19,8/2/2018 11:21,242.757,342.92,10.28,58,74.5
EV030,CH007-CH008,,,8/2/2018 10:18,8/2/2018 10:26,284.378,338.62,27.975,60.5,100
EV030,CH007-CH008,,,8/2/2018 9:12,8/2/2018 9:18,267.923,333.08,24.37,65,100
EV030,CH007-CH008,,,8/2/2018 8:12,8/2/2018 8:17,291.418,359.72,20.8,72.5,100
EV030,CH007-CH008,,,8/2/2018 7:18,8/2/2018 7:24,230.069,309.3,20.765,72.5,100
EV030,CH007-CH008,,,8/2/2018 6:19,8/2/2018 6:29,282.039,351.8,40.836,45.5,100
EV030,CH007-CH008,,,7/31/2018 19:19,7/31/2018 19:24,316.063,376.12,26.725,57,93.5
EV030,CH007-CH008,,,7/31/2018 18:22,7/31/2018 18:32,328.963,360.7,33.668,54.5,100
EV030,CH007-CH008,,,7/31/2018 17:10,7/31/2018 17:20,209.142,347.3,34.208,54,99.5
EV030,CH007-CH008,,,7/31/2018 16:10,7/31/2018 16:18,327.582,363.76,35.381,51,98.5
EV030,CH007-CH008,,,7/31/2018 15:17,7/31/2018 15:23,271.609,344.8,29.939,53,92.5
EV030,CH007-CH008,,,7/31/2018 14:03,7/31/2018 14:14,206.505,256.92,33.205,55,100
EV030,CH007-CH008,,,7/31/2018 13:03,7/31/2018 13:14,228.566,346.68,35.203,52.5,100
EV030,CH007-CH008,,,7/31/2018 12:08,7/31/2018 12:14,289.431,353.16,27.193,56,92.5
EV030,CH007-CH008,,,7/31/2018 11:12,7/31/2018 11:18,338.591,366.2,32.858,50,93.5
EV030,CH007-CH008,,,7/31/2018 10:10,7/31/2018 10:14,240.3,305.08,14.008,62.5,83.5
EV030,CH007-CH008,,,7/31/2018 9:11,7/31/2018 9:17,210.97,254.88,20.971,72,100
EV030,CH007-CH008,,,7/31/2018 8:14,7/31/2018 8:21,175.829,283.46,24.621,65,100
EV030,CH007-CH008,,,7/31/2018 7:23,7/31/2018 7:33,2.841,86.12,38.871,48.5,100
EV030,CH007-CH008,,,7/30/2018 20:44,7/30/2018 21:58,28.387,41.12,35.081,50,100
EV030,CH007-CH008,,,7/28/2018 18:58,7/28/2018 19:05,256.016,301.46,24.913,63.5,100
EV030,CH007-CH008,,,7/28/2018 18:07,7/28/2018 18:15,255.318,274.2,25.7,62,99.5
EV030,CH007-CH008,,,7/28/2018 17:06,7/28/2018 17:15,252.234,270.56,28.904,58,99.5
EV030,CH007-CH008,,,7/28/2018 16:02,7/28/2018 16:11,265.929,350.24,35.066,52.5,100
EV030,CH007-CH008,,,7/28/2018 15:07,7/28/2018 15:12,286.298,357.58,23.461,56,88.5
EV030,CH007-CH008,,,7/28/2018 14:00,7/28/2018 14:08,342.627,369.66,28.323,59.5,100
EV030,CH007-CH008,,,7/28/2018 12:56,7/28/2018 13:05,249.367,293.58,26.827,61.5,100
EV030,CH007-CH008,,,7/28/2018 12:00,7/28/2018 12:07,317.755,356.1,28.901,57.5,97.5
EV030,CH007-CH008,,,7/28/2018 11:01,7/28/2018 11:09,240.716,300.84,27.417,61,100
EV030,CH007-CH008,,,7/28/2018 10:00,7/28/2018 10:08,234.192,377.54,27.666,61,100
EV030,CH007-CH008,,,7/28/2018 8:55,7/28/2018 9:04,151.183,248.98,35.536,52.5,100
EV030,CH007-CH008,,,7/26/2018 17:50,7/26/2018 17:59,273.687,346.34,31.449,56.5,100
EV030,CH007-CH008,,,7/26/2018 16:48,7/26/2018 16:56,234.959,306.22,27.298,60.5,99.5
EV030,CH007-CH008,,,7/26/2018 15:49,7/26/2018 15:58,314.854,365.28,33.325,55,99
EV030,CH007-CH008,,,7/26/2018 14:45,7/26/2018 14:54,298.067,344.14,36.606,49.5,98.5
EV030,CH007-CH008,,,7/26/2018 13:46,7/26/2018 13:52,188.966,260.6,29.954,48.5,89
EV030,CH007-CH008,,,7/26/2018 12:47,7/26/2018 12:52,248.025,294.68,20.878,57.5,87
EV030,CH007-CH008,,,7/26/2018 11:48,7/26/2018 11:54,214.583,366.58,21.937,67.5,99
EV030,CH007-CH008,,,7/26/2018 10:51,7/26/2018 11:01,257.366,303.96,29.221,58.5,100
EV030,CH007-CH008,,,7/26/2018 9:48,7/26/2018 9:54,293.294,372.54,23.82,65,100
EV030,CH007-CH008,,,7/26/2018 8:49,7/26/2018 8:56,254.206,352.7,25.455,63,100
EV030,CH007-CH008,,,7/26/2018 7:46,7/26/2018 7:53,218.583,315.58,22.004,67.5,100
EV030,CH007-CH008,,,7/26/2018 6:49,7/26/2018 6:56,262.717,362.6,30.025,54.5,94
EV030,CH007-CH008,,,7/26/2018 6:00,7/26/2018 6:02,121.125,247.08,6.77,85,94
EV030,CH007-CH008,,,7/24/2018 17:51,7/24/2018 18:00,205.078,301.7,31.153,56,98.5
EV030,CH007-CH008,,,7/24/2018 17:51,7/24/2018 18:00,224.17,301.7,31.122,56,98.5
EV030,CH007-CH008,,,7/24/2018 16:47,7/24/2018 16:56,253.74,365.44,36.293,50,99.5
EV030,CH007-CH008,,,7/24/2018 15:45,7/24/2018 15:53,264.33,294.6,35.055,45,92.5
EV030,CH007-CH008,,,7/24/2018 14:45,7/24/2018 14:52,227.129,306.62,28.98,45,85
EV030,CH007-CH008,,,7/24/2018 13:49,7/24/2018 13:54,333.089,360.22,29.816,45,86
EV030,CH007-CH008,,,7/24/2018 12:48,7/24/2018 12:52,240.88,302.76,18.4,56.5,83
EV030,CH007-CH008,,,7/24/2018 11:46,7/24/2018 11:52,165.505,273.6,27.672,56.5,93.5
EV030,CH007-CH008,,,7/24/2018 10:49,7/24/2018 10:55,279.563,334.18,24.972,59,94
EV030,CH007-CH008,,,7/24/2018 9:46,7/24/2018 9:52,243.82,326.58,21.128,71.5,100
EV030,CH007-CH008,,,7/24/2018 8:48,7/24/2018 8:57,246.42,272.54,29.68,58,100
EV030,CH007-CH008,,,7/24/2018 7:44,7/24/2018 7:50,237.503,370.4,19.031,74.5,100
EV030,CH007-CH008,,,7/24/2018 6:47,7/24/2018 6:56,200.726,276.36,30.467,57.5,99
EV030,CH007-CH008,,,7/24/2018 5:53,7/24/2018 5:56,127.567,296.8,6.94,89.5,100
EV030,CH007-CH008,,,7/21/2018 19:03,7/21/2018 19:10,188.413,272.44,23.944,64.5,100
EV030,CH007-CH008,,,7/21/2018 18:09,7/21/2018 18:16,250.893,358.66,26.977,61.5,100
EV030,CH007-CH008,,,7/21/2018 17:05,7/21/2018 17:12,296.771,374.26,26.221,62.5,100
EV030,CH007-CH008,,,7/21/2018 16:05,7/21/2018 16:12,215.302,285.82,22.636,66.5,100
EV030,CH007-CH008,,,7/21/2018 15:03,7/21/2018 15:10,264.452,301.02,26.586,62,100
EV030,CH007-CH008,,,7/21/2018 14:06,7/21/2018 14:11,343.037,373.4,18.404,75,100
EV030,CH007-CH008,,,7/21/2018 13:01,7/21/2018 13:10,263.09,322.18,28.796,59.5,100
EV030,CH007-CH008,,,7/21/2018 12:01,7/21/2018 12:09,255.486,341.68,32.735,53.5,96.5
EV030,CH007-CH008,,,7/21/2018 11:07,7/21/2018 11:12,283.26,345.2,25.892,58,93.5
EV030,CH007-CH008,,,7/21/2018 10:01,7/21/2018 10:09,259.793,356.96,27.489,61.5,100
EV030,CH007-CH008,,,7/21/2018 8:56,7/21/2018 9:05,298.087,362.98,35.492,52.5,100
EV030,CH007-CH008,,,7/20/2018 18:36,7/20/2018 18:43,279.971,333.26,30.839,55,96
EV030,CH007-CH008,,,7/20/2018 17:32,7/20/2018 17:39,321.566,353.36,26.431,61.5,99.5
EV030,CH007-CH008,,,7/20/2018 16:22,7/20/2018 16:32,324.423,350.8,34.028,54.5,99
EV030,CH007-CH008,,,7/20/2018 15:27,7/20/2018 15:34,293.76,331.08,31.29,52.5,94
EV030,CH007-CH008,,,7/20/2018 14:26,7/20/2018 14:32,293.902,354.12,26.177,56,91
EV030,CH007-CH008,,,7/20/2018 13:21,7/20/2018 13:29,313.339,354.4,34.217,54,100
EV030,CH007-CH008,,,7/20/2018 12:27,7/20/2018 12:33,319.137,376.86,28.922,54,92
EV030,CH007-CH008,,,7/20/2018 11:27,7/20/2018 11:33,321.067,360.98,26.712,55,89.5
EV030,CH007-CH008,,,7/20/2018 10:28,7/20/2018 10:34,319.165,367.88,24.296,65,100
EV030,CH007-CH008,,,7/20/2018 9:25,7/20/2018 9:34,317.598,356.38,32.027,56.5,100
EV030,CH007-CH008,,,7/20/2018 8:26,7/20/2018 8:33,246.64,283.78,27.574,57,95
EV030,CH007-CH008,,,7/20/2018 7:26,7/20/2018 7:34,216.119,289.98,27.446,61,100
EV030,CH007-CH008,,,7/20/2018 6:26,7/20/2018 6:34,295.324,362.94,27.922,60.5,100
EV030,CH007-CH008,,,7/19/2018 19:21,7/19/2018 19:32,245.969,277.5,33.313,54.5,100
EV030,CH007-CH008,,,7/19/2018 18:14,7/19/2018 18:23,295.609,361.64,36.256,49.5,99.5
EV030,CH007-CH008,,,7/19/2018 17:12,7/19/2018 17:17,287.571,350.32,26.332,53.5,88.5
EV030,CH007-CH008,,,7/19/2018 16:08,7/19/2018 16:17,318.954,352.08,36.155,50,98.5
EV030,CH007-CH008,,,7/19/2018 15:20,7/19/2018 15:26,292.052,361.02,29.201,53,91.5
EV030,CH007-CH008,,,7/19/2018 14:07,7/19/2018 14:16,320.578,367.1,33.708,54.5,100
EV030,CH007-CH008,,,7/19/2018 13:05,7/19/2018 13:12,251.192,370.88,25.374,63,99
EV030,CH007-CH008,,,7/19/2018 12:03,7/19/2018 12:12,212.391,368.34,32.116,56,99
EV030,CH007-CH008,,,7/19/2018 11:05,7/19/2018 11:12,300.176,368.52,26.52,61.5,100
EV030,CH007-CH008,,,7/19/2018 10:05,7/19/2018 10:14,251.582,348.68,30.672,57,100
EV030,CH007-CH008,,,7/19/2018 9:10,7/19/2018 9:19,288.3,364.6,34.886,52.5,99
EV030,CH007-CH008,,,7/19/2018 8:12,7/19/2018 8:16,335.132,372.22,20.481,59.5,88
EV030,CH007-CH008,,,7/19/2018 7:08,7/19/2018 7:15,279.68,372.12,31.039,54,95
EV030,CH007-CH008,,,7/19/2018 6:15,7/19/2018 6:20,214.38,344.94,22.998,55.5,85.5
EV030,CH007-CH008,,,7/18/2018 18:33,7/18/2018 18:41,248.838,365.14,30.826,56.5,100
EV030,CH007-CH008,,,7/18/2018 17:36,7/18/2018 17:45,313.579,348.52,34.221,53.5,99.5
EV030,CH007-CH008,,,7/18/2018 16:22,7/18/2018 16:32,310.481,351,32.13,56,100
EV030,CH007-CH008,,,7/18/2018 15:22,7/18/2018 15:29,287.014,352.84,26.187,62,99.5
EV030,CH007-CH008,,,7/18/2018 14:24,7/18/2018 14:34,210.844,276.78,33.332,55,100
EV030,CH007-CH008,,,7/18/2018 13:35,7/18/2018 13:42,211.482,339.76,22.843,66,99.5
EV030,CH007-CH008,,,7/18/2018 12:44,7/18/2018 12:54,316.893,366.8,33.264,55.5,100
EV030,CH007-CH008,,,7/18/2018 11:23,7/18/2018 11:30,180.766,277.6,26.296,62.5,100
EV030,CH007-CH008,,,7/18/2018 10:25,7/18/2018 10:32,296.305,359.54,28.71,59.5,100
EV030,CH007-CH008,,,7/18/2018 9:26,7/18/2018 9:33,265.788,348.48,25.637,63,100
EV030,CH007-CH008,,,7/18/2018 8:25,7/18/2018 8:32,257.836,328.54,22.802,66.5,100
EV030,CH007-CH008,,,7/18/2018 7:23,7/18/2018 7:28,326.302,362.04,17.952,76,100
EV030,CH007-CH008,,,7/18/2018 6:26,7/18/2018 6:32,133.812,337.94,26.978,62,100
EV030,CH007-CH008,,,7/17/2018 8:09,7/17/2018 8:18,243.513,372.08,30.848,57,99
EV030,CH007-CH008,,,7/17/2018 7:11,7/17/2018 7:23,130.693,366.52,30.812,54,93
EV030,CH007-CH008,,,7/17/2018 6:24,7/17/2018 6:29,204.629,348.68,23.669,59.5,92
EV030,CH007-CH008,,,7/15/2018 18:38,7/15/2018 18:47,307.242,360.64,32.432,55.5,100
EV030,CH007-CH008,,,7/15/2018 17:39,7/15/2018 17:46,241.087,337.88,26.496,61.5,100
EV030,CH007-CH008,,,7/15/2018 16:40,7/15/2018 16:49,322.051,372.78,33.367,55,100
EV030,CH007-CH008,,,7/15/2018 15:36,7/15/2018 15:42,137.945,276.42,22.657,66,100
EV030,CH007-CH008,,,7/15/2018 14:37,7/15/2018 14:47,264.203,328.04,32.645,55.5,100
EV030,CH007-CH008,,,7/15/2018 13:37,7/15/2018 13:43,283.585,350.76,21.625,71,100
EV030,CH007-CH008,,,7/15/2018 12:31,7/15/2018 12:42,201.424,281.14,32.515,55.5,100
EV030,CH007-CH008,,,7/15/2018 11:30,7/15/2018 11:36,337.274,375.98,21.248,71.5,100
EV030,CH007-CH008,,,7/15/2018 10:29,7/15/2018 10:36,240.934,303.34,25.511,63.5,100
EV030,CH007-CH008,,,7/15/2018 9:31,7/15/2018 9:40,297.087,361.08,39.138,47,100
EV030,CH007-CH008,,,7/15/2018 8:24,7/15/2018 8:26,213.802,346.06,6.635,56.5,65
EV030,CH007-CH008,,,7/14/2018 19:03,7/14/2018 19:14,0.206,336.06,29.579,59,99
EV030,CH007-CH008,,,7/14/2018 18:11,7/14/2018 18:18,237.224,339.8,24.734,64,100
EV030,CH007-CH008,,,7/14/2018 17:10,7/14/2018 17:20,274.76,337.28,34.438,54,100
EV030,CH007-CH008,,,7/14/2018 16:13,7/14/2018 16:19,281.821,334.76,24.752,56.5,93
EV030,CH007-CH008,,,7/14/2018 15:07,7/14/2018 15:16,328.171,349.52,34.986,53,100
EV030,CH007-CH008,,,7/14/2018 14:13,7/14/2018 14:19,311.62,358.38,25.872,55,89
EV030,CH007-CH008,,,7/14/2018 13:09,7/14/2018 13:16,284,362.9,28.012,59.5,98.5
EV030,CH007-CH008,,,7/14/2018 12:05,7/14/2018 12:15,288.057,350.1,35.49,52.5,100
EV030,CH007-CH008,,,7/14/2018 11:02,7/14/2018 11:07,332.491,360.44,25.707,57,92.5
EV030,CH007-CH008,,,7/14/2018 10:03,7/14/2018 10:10,260.991,346.54,29.147,56.5,96
EV030,CH007-CH008,,,7/14/2018 8:57,7/14/2018 9:06,195.265,328.82,36.542,51,100
EV030,CH007-CH008,,,7/12/2018 19:05,7/12/2018 21:06,17.814,43.06,23.103,62,100
EV030,CH007-CH008,,,7/11/2018 17:54,7/11/2018 18:00,305.959,377.62,24.172,64.5,100
EV030,CH007-CH008,,,7/11/2018 16:48,7/11/2018 16:57,312.175,375.1,32.601,55.5,100
EV030,CH007-CH008,,,7/11/2018 15:51,7/11/2018 15:57,317.371,364.46,23.247,65.5,100
EV030,CH007-CH008,,,7/11/2018 14:45,7/11/2018 14:54,252.244,368.92,33.178,54.5,98.5
EV030,CH007-CH008,,,7/11/2018 13:45,7/11/2018 13:52,277.29,342.6,32.007,54.5,96.5
EV030,CH007-CH008,,,7/11/2018 12:44,7/11/2018 12:52,280.607,376.72,27.788,60.5,100
EV030,CH007-CH008,,,7/11/2018 11:49,7/11/2018 11:56,333.319,369.32,26.264,62.5,100
EV030,CH007-CH008,,,7/11/2018 10:51,7/11/2018 10:58,290.569,356.68,27.516,61.5,100
EV030,CH007-CH008,,,7/11/2018 9:47,7/11/2018 9:53,248.004,378.42,25.098,64,100
EV030,CH007-CH008,,,7/11/2018 8:47,7/11/2018 8:54,269.181,373.52,27.795,59,97
EV030,CH007-CH008,,,7/11/2018 7:47,7/11/2018 7:53,235.182,366.62,21.474,71.5,100
EV030,CH007-CH008,,,7/11/2018 6:48,7/11/2018 6:55,284.54,343.02,25.315,64,99.5
EV030,CH007-CH008,,,7/11/2018 5:50,7/11/2018 5:55,206.119,358.08,15.583,79,99.5
EV030,CH007-CH008,,,7/9/2018 18:19,7/9/2018 18:28,333.38,363.56,36.513,49,99
EV030,CH007-CH008,,,7/9/2018 17:13,7/9/2018 17:20,324.999,357.86,38.409,40,92
EV030,CH007-CH008,,,7/9/2018 16:26,7/9/2018 16:31,235.349,277.06,22.088,47.5,78.5
EV030,CH007-CH008,,,7/9/2018 15:22,7/9/2018 15:28,253.553,306.8,28.491,52.5,90.5
EV030,CH007-CH008,,,7/9/2018 14:04,7/9/2018 14:12,259.615,353.46,30.133,57,100
EV030,CH007-CH008,,,7/9/2018 13:04,7/9/2018 13:11,272.361,363.66,28.517,59.5,100
EV030,CH007-CH008,,,7/9/2018 12:05,7/9/2018 12:13,281.429,314.06,28.843,57,97
EV030,CH007-CH008,,,7/9/2018 11:05,7/9/2018 11:13,314.896,354.12,32.813,54.5,97.5
EV030,CH007-CH008,,,7/9/2018 10:05,7/9/2018 10:11,295.244,367.24,22.779,66.5,100
EV030,CH007-CH008,,,7/9/2018 9:03,7/9/2018 9:11,333.778,368.42,28.907,59.5,100
EV030,CH007-CH008,,,7/9/2018 8:11,7/9/2018 8:16,294.508,337.74,25.444,56,90
EV030,CH007-CH008,,,7/9/2018 7:08,7/9/2018 7:12,335.268,375.54,19.256,65,92.5
EV030,CH007-CH008,,,7/9/2018 6:13,7/9/2018 6:19,296.635,357.44,29.043,55,93
EV030,CH007-CH008,,,7/8/2018 18:39,7/8/2018 18:46,248.717,360.14,26.994,53.5,93.5
EV030,CH007-CH008,,,7/8/2018 17:36,7/8/2018 17:42,302.168,356.72,20.942,72,99.5
EV030,CH007-CH008,,,7/8/2018 16:40,7/8/2018 16:51,235.041,351.16,33.305,54.5,100
EV030,CH007-CH008,,,7/8/2018 15:37,7/8/2018 15:45,231.23,349.38,26.235,62,100
EV030,CH007-CH008,,,7/8/2018 14:33,7/8/2018 14:41,205.312,369.02,27.477,60,99.5
EV030,CH007-CH008,,,7/8/2018 13:34,7/8/2018 13:41,214.46,290.74,26.338,62,100
EV030,CH007-CH008,,,7/8/2018 12:29,7/8/2018 12:35,255.196,358.74,24.037,64.5,100
EV030,CH007-CH008,,,7/8/2018 11:32,7/8/2018 11:40,200.379,373.42,27.493,61,100
EV030,CH007-CH008,,,7/8/2018 10:30,7/8/2018 10:36,221.935,355.04,22.727,66.5,100
EV030,CH007-CH008,,,7/8/2018 9:34,7/8/2018 9:40,312.095,378.96,24.488,64.5,100
EV030,CH007-CH008,,,7/8/2018 8:29,7/8/2018 8:36,325.003,374.02,32.168,54.5,96.5
EV030,CH007-CH008,,,7/7/2018 18:37,7/7/2018 18:44,217.378,370.36,25.306,63,100
EV030,CH007-CH008,,,7/7/2018 17:36,7/7/2018 17:44,337.898,363.48,29.553,57.5,100
EV030,CH007-CH008,,,7/7/2018 16:38,7/7/2018 16:45,307.967,368.22,28.237,59,99.5
EV030,CH007-CH008,,,7/7/2018 15:38,7/7/2018 15:48,321.957,367.72,33.91,54,99.5
EV030,CH007-CH008,,,7/7/2018 14:36,7/7/2018 14:42,231.931,359.74,21.333,71.5,99.5
EV030,CH007-CH008,,,7/7/2018 13:37,7/7/2018 13:46,305.115,354.24,32.39,55,98.5
EV030,CH007-CH008,,,7/7/2018 12:30,7/7/2018 12:35,299.805,372.76,21.405,71.5,100
EV030,CH007-CH008,,,7/7/2018 11:33,7/7/2018 11:42,274.021,344.24,30.785,57,100
EV030,CH007-CH008,,,7/7/2018 10:31,7/7/2018 10:37,291.758,356.72,25.117,64,100
EV030,CH007-CH008,,,7/7/2018 9:30,7/7/2018 9:35,307.426,368.3,19.946,73.5,100
EV030,CH007-CH008,,,7/7/2018 8:26,7/7/2018 8:34,316.736,380.06,34.9,53,99
EV030,CH007-CH008,,,7/2/2018 19:21,7/2/2018 19:29,252.302,329.1,28.525,59.5,100
EV030,CH007-CH008,,,7/2/2018 18:10,7/2/2018 18:17,294.81,321.74,26.023,62.5,100
EV030,CH007-CH008,,,7/2/2018 17:19,7/2/2018 17:27,283.717,375.88,30.72,56.5,100
EV030,CH007-CH008,,,7/2/2018 16:18,7/2/2018 16:29,242.773,269.36,32.09,56,100
EV030,CH007-CH008,,,7/2/2018 15:16,7/2/2018 15:24,302.215,362.76,28.517,59,99
EV030,CH007-CH008,,,7/2/2018 14:09,7/2/2018 14:19,286.119,348.02,33.283,55,100
EV030,CH007-CH008,,,7/2/2018 13:05,7/2/2018 13:12,277.266,337.02,28.361,58,97.5
EV030,CH007-CH008,,,7/2/2018 12:06,7/2/2018 12:13,257.634,369.2,31.285,56,97.5
EV030,CH007-CH008,,,7/2/2018 11:10,7/2/2018 11:15,270.178,371.18,22.328,64.5,96.5
EV030,CH007-CH008,,,7/2/2018 10:07,7/2/2018 10:16,212.766,271.38,28.394,59,98.5
EV030,CH007-CH008,,,7/2/2018 9:12,7/2/2018 9:20,230.763,289.94,28.13,55.5,92
EV030,CH007-CH008,,,7/2/2018 8:15,7/2/2018 8:21,231.363,261.24,22.537,57.5,88
EV030,CH007-CH008,,,7/2/2018 7:11,7/2/2018 7:17,316.423,359.56,30.337,51,91
EV030,CH007-CH008,,,7/2/2018 6:26,7/2/2018 6:31,323.728,363.66,29.663,47.5,86.5
EV030,CH007-CH008,,,6/30/2018 18:11,6/30/2018 18:19,295.418,351.08,27.389,60.5,99
EV030,CH007-CH008,,,6/30/2018 17:08,6/30/2018 17:15,304.482,368.62,24.313,64.5,99.5
EV030,CH007-CH008,,,6/30/2018 16:03,6/30/2018 16:12,320.293,356.98,33.689,54.5,100
EV030,CH007-CH008,,,6/30/2018 15:07,6/30/2018 15:13,238.779,341.12,22.377,66,98.5
EV030,CH007-CH008,,,6/30/2018 14:06,6/30/2018 14:15,224.776,361.56,30.402,57,100
EV030,CH007-CH008,,,6/30/2018 13:05,6/30/2018 13:12,215.131,291.68,25.249,63,100
EV030,CH007-CH008,,,6/30/2018 12:00,6/30/2018 12:09,322.319,362.06,31.22,56.5,99
EV030,CH007-CH008,,,6/30/2018 11:00,6/30/2018 11:07,276.465,369.1,27.557,58.5,96.5
EV030,CH007-CH008,,,6/30/2018 10:01,6/30/2018 10:08,294.948,368.72,29.025,55.5,93.5
EV030,CH007-CH008,,,6/30/2018 8:53,6/30/2018 9:02,-9.451,-8.92,39.548,47,100
EV030,CH007-CH008,,,6/28/2018 18:33,6/28/2018 18:37,242.521,362.04,15.828,73.5,98
EV030,CH007-CH008,,,6/28/2018 17:33,6/28/2018 17:40,103.525,276.96,25.355,63,100
EV030,CH007-CH008,,,6/28/2018 16:23,6/28/2018 16:33,257.455,345.64,30.59,57,100
EV030,CH007-CH008,,,6/28/2018 15:26,6/28/2018 15:33,295.845,340.7,25.547,63,100
EV030,CH007-CH008,,,6/28/2018 14:27,6/28/2018 14:35,306.414,353.04,32.862,55,98
EV030,CH007-CH008,,,6/28/2018 13:28,6/28/2018 13:34,286.193,362.52,23.749,65,100
EV030,CH007-CH008,,,6/28/2018 12:28,6/28/2018 12:36,245.655,353.86,31.047,56.5,98.5
EV030,CH007-CH008,,,6/28/2018 11:27,6/28/2018 11:32,322.917,361.52,23.139,65,97.5
EV030,CH007-CH008,,,6/28/2018 10:26,6/28/2018 10:32,314.869,374.04,22.193,67.5,100
EV030,CH007-CH008,,,6/28/2018 9:29,6/28/2018 9:35,253.432,352.2,24.178,65,100
EV030,CH007-CH008,,,6/28/2018 8:26,6/28/2018 8:32,279.822,329.4,19.983,73.5,100
EV030,CH007-CH008,,,6/28/2018 7:28,6/28/2018 7:36,249.912,368.1,32.147,56,97.5
EV030,CH007-CH008,,,6/28/2018 6:30,6/28/2018 6:34,254.75,343.42,21.564,56,85
EV030,CH007-CH008,,,6/27/2018 17:51,6/27/2018 17:59,242.389,300.84,32.292,52.5,95.5
EV030,CH007-CH008,,,6/27/2018 16:46,6/27/2018 16:59,266.809,360.5,56.411,22,99.5
EV030,CH007-CH008,,,6/27/2018 14:45,6/27/2018 14:54,325.83,369.28,31.972,56,100
EV030,CH007-CH008,,,6/27/2018 13:46,6/27/2018 13:54,309.23,346,35.012,51.5,98
EV030,CH007-CH008,,,6/27/2018 12:45,6/27/2018 12:52,213.943,365.84,23.194,65.5,99
EV030,CH007-CH008,,,6/27/2018 11:44,6/27/2018 11:51,291.165,357.88,27.882,58.5,97
EV030,CH007-CH008,,,6/27/2018 10:47,6/27/2018 10:53,229.817,333.66,24.021,64.5,98
EV030,CH007-CH008,,,6/27/2018 9:44,6/27/2018 9:51,267.856,374.6,25.339,63.5,100
EV030,CH007-CH008,,,6/27/2018 8:44,6/27/2018 8:49,214.996,263.62,19.347,74,100
EV030,CH007-CH008,,,6/27/2018 7:45,6/27/2018 7:54,225.264,360.76,29.293,59.5,100
EV030,CH007-CH008,,,6/27/2018 6:47,6/27/2018 6:52,309.215,373.92,22.286,67.5,99.5
EV030,CH007-CH008,,,6/27/2018 5:54,6/27/2018 5:58,29.479,196.02,10.635,85,100
EV030,CH007-CH008,,,6/26/2018 14:19,6/26/2018 14:21,73.015,264.18,2.768,95.5,99.5
EV030,CH007-CH008,,,6/26/2018 14:06,6/26/2018 14:09,154.503,291.44,10.994,84,98.5
EV030,CH007-CH008,,,6/26/2018 8:49,6/26/2018 8:54,334.126,365.56,20.787,72.5,100
EV030,CH007-CH008,,,6/26/2018 7:52,6/26/2018 7:59,236.868,343.02,24.588,65,100
EV030,CH007-CH008,,,6/26/2018 6:47,6/26/2018 6:53,320.362,371.5,23.506,66.5,100
EV030,CH007-CH008,,,6/26/2018 5:54,6/26/2018 5:59,27.955,231.86,20.49,68.5,97.5
EV030,CH007-CH008,,,6/22/2018 19:20,6/22/2018 19:30,189.874,365.46,33.134,55,100
EV030,CH007-CH008,,,6/22/2018 18:12,6/22/2018 18:23,246.119,279.06,36.08,50,99.5
EV030,CH007-CH008,,,6/22/2018 17:07,6/22/2018 17:16,299.747,343.54,39.006,45,98
EV030,CH007-CH008,,,6/22/2018 16:09,6/22/2018 16:16,277.396,353.52,33.856,41,87
EV030,CH007-CH008,,,6/22/2018 15:16,6/22/2018 15:20,262.874,360.14,14.861,54,75
EV030,CH007-CH008,,,6/22/2018 14:02,6/22/2018 14:12,218.293,316.68,31.165,56.5,100
EV030,CH007-CH008,,,6/22/2018 13:02,6/22/2018 13:11,256.02,335.76,37.13,48,98
EV030,CH007-CH008,,,6/22/2018 12:08,6/22/2018 12:11,268.788,326.4,18.681,57,83.5
EV030,CH007-CH008,,,6/22/2018 11:09,6/22/2018 11:20,265.132,294.9,35.606,52,100
EV030,CH007-CH008,,,6/22/2018 10:06,6/22/2018 10:12,255.158,318.9,20.974,72,100
EV030,CH007-CH008,,,6/22/2018 9:07,6/22/2018 9:17,207.589,371.82,32.631,56,100
EV030,CH007-CH008,,,6/22/2018 8:13,6/22/2018 8:17,313.643,365.64,19.33,73,98
EV030,CH007-CH008,,,6/22/2018 7:10,6/22/2018 7:17,229.869,249.68,22.624,67,99
EV030,CH007-CH008,,,6/22/2018 6:14,6/22/2018 6:19,55.911,264.24,22.414,61.5,92.5
EV030,CH007-CH008,,,6/21/2018 19:19,6/21/2018 19:29,131.392,245.66,34.37,53,100
EV030,CH007-CH008,,,6/21/2018 18:13,6/21/2018 18:26,254.925,329.56,47.716,34.5,99.5
EV030,CH007-CH008,,,6/21/2018 17:09,6/21/2018 17:17,262.104,317.14,35.717,30,79
EV030,CH007-CH008,,,6/21/2018 16:12,6/21/2018 16:19,232.12,299.08,32.301,30.5,75
EV030,CH007-CH008,,,6/21/2018 15:19,6/21/2018 15:23,166.637,234.02,18.205,50,75.5
EV030,CH007-CH008,,,6/21/2018 14:03,6/21/2018 14:13,307.578,342.92,48.101,34,99.5
EV030,CH007-CH008,,,6/21/2018 13:08,6/21/2018 13:13,111.224,325.96,26.54,40,77
EV030,CH007-CH008,,,6/21/2018 12:18,6/21/2018 12:22,222.465,267.34,18.951,52.5,78.5
EV030,CH007-CH008,,,6/21/2018 11:18,6/21/2018 11:23,299.875,361.52,23.794,55.5,87
EV030,CH007-CH008,,,6/21/2018 10:10,6/21/2018 10:17,256.384,288.14,30.36,53.5,93.5
EV030,CH007-CH008,,,6/21/2018 9:14,6/21/2018 9:20,327.774,372.48,30.692,52,92
EV030,CH007-CH008,,,6/21/2018 8:14,6/21/2018 8:16,38.58,159.6,10.696,73,87
EV030,CH007-CH008,,,6/21/2018 7:12,6/21/2018 7:16,321.771,375.18,18.923,75,100
EV030,CH007-CH008,,,6/21/2018 6:12,6/21/2018 6:20,205.081,238.24,25.381,63,100
EV030,CH007-CH008,,,6/20/2018 17:50,6/20/2018 17:56,330.969,356.22,28.921,57.5,98
EV030,CH007-CH008,,,6/20/2018 16:46,6/20/2018 16:57,178.494,330.76,32.554,55,100
EV030,CH007-CH008,,,6/20/2018 15:49,6/20/2018 15:57,247.049,311.02,31.228,54,95
EV030,CH007-CH008,,,6/20/2018 14:46,6/20/2018 14:52,264.14,315.26,28.398,55.5,93
EV030,CH007-CH008,,,6/20/2018 13:47,6/20/2018 13:53,278.583,370.18,27.72,55.5,92.5
EV030,CH007-CH008,,,6/20/2018 12:43,6/20/2018 12:51,110.808,267.78,28.351,59.5,98.5
EV030,CH007-CH008,,,6/20/2018 11:46,6/20/2018 11:51,261.56,379.36,23.984,63.5,97.5
EV030,CH007-CH008,,,6/20/2018 10:46,6/20/2018 10:52,214.974,349.14,20.998,72,100
EV030,CH007-CH008,,,6/20/2018 9:45,6/20/2018 9:51,278.939,325.8,22.939,65.5,99
EV030,CH007-CH008,,,6/20/2018 8:43,6/20/2018 8:49,250.714,295.46,21.148,71.5,100
EV030,CH007-CH008,,,6/20/2018 7:45,6/20/2018 7:50,256.232,340.82,21.33,71.5,100
EV030,CH007-CH008,,,6/20/2018 6:48,6/20/2018 6:53,248.321,357.48,22.666,67,99
EV030,CH007-CH008,,,6/20/2018 5:54,6/20/2018 5:58,241.991,361,17.901,76,100
EV030,CH007-CH008,,,6/15/2018 19:19,6/15/2018 19:28,229.938,356.36,29.647,58,100
EV030,CH007-CH008,,,6/15/2018 18:14,6/15/2018 18:24,276.002,364.78,30.871,57,100
EV030,CH007-CH008,,,6/15/2018 16:51,6/15/2018 17:07,253.986,323.42,52.708,29.5,99
EV030,CH007-CH008,,,6/15/2018 15:16,6/15/2018 15:20,249.402,328.44,16.305,52.5,75
EV030,CH007-CH008,,,6/15/2018 14:07,6/15/2018 14:16,281.642,370.06,41.889,42,99
EV030,CH007-CH008,,,6/15/2018 13:08,6/15/2018 13:12,231.558,277.88,15.702,56,78.5
EV030,CH007-CH008,,,6/15/2018 12:09,6/15/2018 12:17,264.335,351.46,30.258,56.5,97.5
EV030,CH007-CH008,,,6/15/2018 11:02,6/15/2018 11:10,294.757,370.82,24.691,64,100
EV030,CH007-CH008,,,6/15/2018 10:03,6/15/2018 10:08,287.928,376.7,21.27,71.5,100
EV030,CH007-CH008,,,6/15/2018 9:03,6/15/2018 9:09,250.18,277.06,21.707,67.5,100
EV030,CH007-CH008,,,6/15/2018 8:08,6/15/2018 8:14,299.245,374.9,21.872,68,100
EV030,CH007-CH008,,,6/15/2018 7:09,6/15/2018 7:13,238.452,363.62,15.73,79,100
EV030,CH007-CH008,,,6/15/2018 6:16,6/15/2018 6:27,204.782,353.54,32.804,56,100
EV030,CH007-CH008,,,6/14/2018 11:27,6/14/2018 11:36,308.459,360.5,34.713,53,100
EV030,CH007-CH008,,,6/14/2018 10:32,6/14/2018 10:37,254.676,355.28,24.183,56,88.5
EV030,CH007-CH008,,,6/14/2018 9:25,6/14/2018 9:32,333.558,371.76,26.766,61.5,99
EV030,CH007-CH008,,,6/14/2018 8:27,6/14/2018 8:33,284.781,355.94,26.79,59,96.5
EV030,CH007-CH008,,,6/14/2018 7:24,6/14/2018 7:30,239.845,378.6,24.133,65,100
EV030,CH007-CH008,,,6/14/2018 6:26,6/14/2018 6:34,262.489,335.12,34.28,52.5,97.5
EV030,CH007-CH008,,,6/13/2018 17:50,6/13/2018 17:59,226.822,258.36,26.18,61.5,99.5
EV030,CH007-CH008,,,6/13/2018 16:56,6/13/2018 17:04,248.246,361.96,32.697,55,98
EV030,CH007-CH008,,,6/13/2018 15:46,6/13/2018 15:56,260.388,347.72,31.371,56,99.5
EV030,CH007-CH008,,,6/13/2018 14:44,6/13/2018 14:53,83.551,262,30.829,56.5,98.5
EV030,CH007-CH008,,,6/13/2018 13:47,6/13/2018 13:55,285.872,332.12,33.024,51.5,95.5
EV030,CH007-CH008,,,6/13/2018 12:49,6/13/2018 12:54,254.16,333.9,23.148,61,94
EV030,CH007-CH008,,,6/13/2018 11:45,6/13/2018 11:53,200.994,348.58,27.728,60.5,100
EV030,CH007-CH008,,,6/13/2018 10:48,6/13/2018 10:54,283.884,343.06,20.539,72.5,100
EV030,CH007-CH008,,,6/13/2018 9:44,6/13/2018 9:53,300.184,355.66,28.59,59.5,100
EV030,CH007-CH008,,,6/13/2018 8:45,6/13/2018 8:50,287.099,359.2,20.516,72.5,100
EV030,CH007-CH008,,,6/13/2018 7:46,6/13/2018 7:54,223.487,344.1,25.275,63.5,100
EV030,CH007-CH008,,,6/13/2018 6:47,6/13/2018 6:51,319.481,362.98,23.165,63.5,96
EV030,CH007-CH008,,,6/13/2018 5:58,6/13/2018 6:00,241.884,367.94,7.159,89,99
EV030,CH007-CH008,,,6/11/2018 17:49,6/11/2018 17:59,249.32,307.14,30.445,57,100
EV030,CH007-CH008,,,6/11/2018 16:46,6/11/2018 16:54,260.599,368.74,28.26,59.5,100
EV030,CH007-CH008,,,6/11/2018 15:48,6/11/2018 15:57,242.365,367.44,35.91,51,98.5
EV030,CH007-CH008,,,6/11/2018 14:48,6/11/2018 14:54,263.897,297.24,26.566,53,88
EV030,CH007-CH008,,,6/11/2018 13:48,6/11/2018 13:53,313.503,362.38,29.62,51.5,90.5
EV030,CH007-CH008,,,6/11/2018 12:48,6/11/2018 12:53,315.581,376.78,21.205,62.5,92.5
EV030,CH007-CH008,,,6/11/2018 11:49,6/11/2018 11:56,253.793,329.2,28.9,56.5,95
EV030,CH007-CH008,,,6/11/2018 10:49,6/11/2018 10:53,278.43,334.78,19.021,64.5,91.5
EV030,CH007-CH008,,,6/11/2018 9:59,6/11/2018 10:05,286.25,346.9,23.53,64,97
EV030,CH007-CH008,,,6/11/2018 9:07,6/11/2018 9:14,193.626,315.74,23.099,62,94.5
EV030,CH007-CH008,,,6/11/2018 7:46,6/11/2018 7:53,265.605,308.48,26.866,55,90
EV030,CH007-CH008,,,6/11/2018 6:47,6/11/2018 6:51,219.322,306.92,20.772,62.5,91.5
EV030,CH007-CH008,,,6/11/2018 5:55,6/11/2018 5:57,249.789,334.84,10.619,82.5,97
EV030,CH007-CH008,,,6/6/2018 19:19,6/6/2018 19:27,296.341,345.78,27.623,60.5,100
EV030,CH007-CH008,,,6/6/2018 18:12,6/6/2018 18:22,270.297,338.84,37.761,47.5,99.5
EV030,CH007-CH008,,,6/6/2018 17:10,6/6/2018 17:17,266.737,299.28,32.114,44,87.5
EV030,CH007-CH008,,,6/6/2018 16:14,6/6/2018 16:19,163.439,296.68,22.294,49,80
EV030,CH007-CH008,,,6/6/2018 15:16,6/6/2018 15:20,290.232,352.62,19.781,55.5,82.5
EV030,CH007-CH008,,,6/6/2018 14:06,6/6/2018 14:16,261.111,310.48,34.049,54,100
EV030,CH007-CH008,,,6/6/2018 13:05,6/6/2018 13:11,280.399,351.08,27.108,59.5,97.5
EV030,CH007-CH008,,,6/6/2018 12:03,6/6/2018 12:12,251.111,287.56,32.137,55.5,98
EV030,CH007-CH008,,,6/6/2018 11:11,6/6/2018 11:15,314.686,366.16,22.02,64.5,96
EV030,CH007-CH008,,,6/6/2018 10:03,6/6/2018 10:08,283.53,359.34,21.137,72,100
EV030,CH007-CH008,,,6/6/2018 9:04,6/6/2018 9:10,270.106,355.38,20.733,72.5,100
EV030,CH007-CH008,,,6/6/2018 8:12,6/6/2018 8:17,236.888,316.28,20.923,72,99
EV030,CH007-CH008,,,6/6/2018 7:12,6/6/2018 7:19,249.836,321.1,27.877,57,95
EV030,CH007-CH008,,,6/6/2018 6:14,6/6/2018 6:18,54.537,317,18.551,71.5,95.5
EV030,CH007-CH008,,,6/5/2018 17:50,6/5/2018 17:59,290.027,376.88,30.579,57,100
EV030,CH007-CH008,,,6/5/2018 16:44,6/5/2018 16:51,184.088,269.28,23.097,65.5,100
EV030,CH007-CH008,,,6/5/2018 15:48,6/5/2018 15:57,216.116,301.88,31.773,55,97
EV030,CH007-CH008,,,6/5/2018 14:46,6/5/2018 14:51,280.524,349.96,26.351,54,88.5
EV030,CH007-CH008,,,6/5/2018 13:49,6/5/2018 13:55,287.081,326.7,29.624,54,93
EV030,CH007-CH008,,,6/5/2018 12:54,6/5/2018 12:58,297.209,338.4,21.57,61.5,92
EV030,CH007-CH008,,,6/5/2018 11:58,6/5/2018 12:06,235.289,330.16,30.548,56.5,97
EV030,CH007-CH008,,,6/5/2018 10:47,6/5/2018 10:54,212.311,328.94,25.479,63.5,100
EV030,CH007-CH008,,,6/5/2018 9:48,6/5/2018 9:53,229.783,329.06,21.152,71.5,100
EV030,CH007-CH008,,,6/5/2018 8:48,6/5/2018 8:55,219.174,333.88,27.583,61,100
EV030,CH007-CH008,,,6/5/2018 7:49,6/5/2018 7:54,312.198,357.62,21.789,71,100
EV030,CH007-CH008,,,6/5/2018 6:51,6/5/2018 6:59,165.958,335.3,30.808,57.5,99
EV030,CH007-CH008,,,6/5/2018 5:58,6/5/2018 6:03,152.355,330.24,13.034,82,100
EV030,CH007-CH008,,,6/3/2018 18:54,6/3/2018 19:00,275.108,343.98,23.983,64,99.5
EV030,CH007-CH008,,,6/3/2018 18:09,6/3/2018 18:16,247.467,367.56,24.905,63,99.5
EV030,CH007-CH008,,,6/3/2018 17:10,6/3/2018 17:17,296.108,377.32,28.471,58.5,98
EV030,CH007-CH008,,,6/3/2018 16:06,6/3/2018 16:13,240.808,376.3,24.874,64,100
EV030,CH007-CH008,,,6/3/2018 15:07,6/3/2018 15:15,273.189,377.9,32.121,55,97.5
EV030,CH007-CH008,,,6/3/2018 14:05,6/3/2018 14:13,161.137,356.68,24.371,60.5,94
EV030,CH007-CH008,,,6/3/2018 13:01,6/3/2018 13:09,207.316,321.54,26.101,62.5,100
EV030,CH007-CH008,,,6/3/2018 11:59,6/3/2018 12:06,250.887,291.2,24.517,64,100
EV030,CH007-CH008,,,6/3/2018 11:01,6/3/2018 11:09,291.406,371.12,26.533,62,100
EV030,CH007-CH008,,,6/3/2018 10:02,6/3/2018 10:08,267.837,344.28,23.525,65.5,100
EV030,CH007-CH008,,,6/3/2018 9:01,6/3/2018 9:10,293.482,344.4,36.034,52,99.5
EV030,CH007-CH008,,,6/1/2018 19:20,6/1/2018 19:25,281.739,370.26,17.649,76,100
EV030,CH007-CH008,,,6/1/2018 18:16,6/1/2018 18:25,229.422,368.96,35.089,52.5,100
EV030,CH007-CH008,,,6/1/2018 17:18,6/1/2018 17:23,274.895,350.46,25.659,53,87
EV030,CH007-CH008,,,6/1/2018 16:13,6/1/2018 16:21,326.399,359.92,40.141,44,98
EV030,CH007-CH008,,,6/1/2018 15:18,6/1/2018 15:21,-9.302,-9.04,12.406,59.5,78.5
EV030,CH007-CH008,,,6/1/2018 14:06,6/1/2018 14:15,197.256,306.88,28.88,59,100
EV030,CH007-CH008,,,6/1/2018 13:07,6/1/2018 13:13,275.023,329.98,24.097,62.5,96.5
EV030,CH007-CH008,,,6/1/2018 12:04,6/1/2018 12:11,259.254,308.52,25.671,62,98
EV030,CH007-CH008,,,6/1/2018 11:05,6/1/2018 11:12,244.742,310.14,26.175,60,97
EV030,CH007-CH008,,,6/1/2018 10:03,6/1/2018 10:09,251.477,311.88,22.008,67,100
EV030,CH007-CH008,,,6/1/2018 9:03,6/1/2018 9:12,279.694,326.68,29.202,59,100
EV030,CH007-CH008,,,6/1/2018 8:08,6/1/2018 8:15,222.877,321.04,27.043,60,98
EV030,CH007-CH008,,,6/1/2018 7:06,6/1/2018 7:14,234.447,347.92,28.112,58.5,97.5
EV030,CH007-CH008,,,6/1/2018 6:09,6/1/2018 6:18,258.697,331.62,31.161,54.5,95
EV030,CH007-CH008,,,5/31/2018 17:55,5/31/2018 17:59,201.4,317.18,13.817,81,100
EV030,CH007-CH008,,,5/31/2018 16:48,5/31/2018 16:55,249.742,361.48,29.9,55.5,94.5
EV030,CH007-CH008,,,5/31/2018 15:52,5/31/2018 15:55,304.011,350.14,12.435,65,84
EV030,CH007-CH008,,,5/31/2018 12:50,5/31/2018 12:52,213.553,250.56,7.506,89,100
EV030,CH007-CH008,,,5/31/2018 9:50,5/31/2018 9:50,22.386,36.84,0.064,99.5,100
EV030,CH007-CH008,,,5/31/2018 8:45,5/31/2018 8:50,285.459,328,19.374,64.5,92
EV030,CH007-CH008,,,5/29/2018 12:10,5/29/2018 12:12,302.168,313.58,8.05,79,88.5
EV030,CH007-CH008,,,5/29/2018 11:07,5/29/2018 11:10,227.159,333.4,12.935,53,71
EV030,CH007-CH008,,,5/26/2018 13:10,5/26/2018 13:11,63.127,116.98,1.85,,100
EV030,CH007-CH008,,,5/25/2018 17:15,5/25/2018 17:20,216.792,255.34,17.94,52,77
EV030,CH007-CH008,,,5/25/2018 15:20,5/25/2018 15:23,247.076,287.64,11.862,67,85
EV030,CH007-CH008,,,5/25/2018 13:10,5/25/2018 13:13,191.919,199.64,7.229,89.5,100
EV030,CH007-CH008,,,5/25/2018 11:05,5/25/2018 11:10,254.859,315.42,18.253,75.5,100
EV030,CH007-CH008,,,5/25/2018 7:08,5/25/2018 7:10,195.561,233.14,6.656,52,60.5
EV030,CH007-CH008,,,5/25/2018 6:12,5/25/2018 6:15,53.736,222.5,8.4,56.5,67.5
EV030,CH007-CH008,,,5/24/2018 15:55,5/24/2018 15:58,125.913,180.72,5.919,90,98
EV030,CH007-CH008,,,5/24/2018 6:45,5/24/2018 6:46,108.807,236.76,3.133,,100
EV030,CH007-CH008,,,5/23/2018 11:46,5/23/2018 11:50,244.68,329.54,17.078,56.5,81
EV030,CH007-CH008,,,5/21/2018 19:20,5/21/2018 19:25,255.007,316.74,21.765,,97
EV030,CH007-CH008,,,5/21/2018 7:15,5/21/2018 7:17,182.112,215.72,5.677,,95
EV030,CH007-CH008,,,5/20/2018 10:40,5/20/2018 10:42,115.586,208.96,3.73,94.5,100
EV030,CH007-CH008,,,5/20/2018 9:27,5/20/2018 9:33,236.286,327.64,18.609,75,100
EV030,CH007-CH008,,,5/18/2018 18:45,5/18/2018 18:49,154.859,336.08,8.216,88,100
EV030,CH007-CH008,,,5/18/2018 13:26,5/18/2018 13:30,165.558,279.22,16.581,64,88
EV030,CH007-CH008,,,5/18/2018 12:20,5/18/2018 12:27,240.037,273.04,24.231,65,100
EV030,CH007-CH008,,,5/18/2018 8:30,5/18/2018 8:32,97.274,118.02,2.46,96,100
EV030,CH007-CH008,,,5/18/2018 6:30,5/18/2018 6:35,90.336,146.48,8.023,,100
EV030,CH007-CH008,,,5/17/2018 18:40,5/17/2018 18:42,261.4,286.02,10.052,74.5,87
EV030,CH007-CH008,,,5/17/2018 16:27,5/17/2018 16:30,291.224,350.3,12.313,42.5,58.5
EV030,CH007-CH008,,,5/17/2018 14:51,5/17/2018 14:55,249.558,342.28,15.555,56,77.5
EV030,CH007-CH008,,,5/17/2018 10:25,5/17/2018 10:29,256.71,258.64,14.141,81,100
EV030,CH007-CH008,,,5/17/2018 7:22,5/17/2018 7:28,273.043,346.98,20.731,72.5,100
EV030,CH007-CH008,,,5/17/2018 6:30,5/17/2018 6:34,89.928,127.12,6.287,,97
EV030,CH007-CH008,,,5/16/2018 18:13,5/16/2018 18:15,205.746,255.2,5.229,43,50
EV030,CH007-CH008,,,5/16/2018 17:17,5/16/2018 17:20,233.865,272.68,11.946,50,65
EV030,CH007-CH008,,,5/16/2018 11:05,5/16/2018 11:10,237.748,333.12,18.865,66.5,93
EV030,CH007-CH008,,,5/16/2018 9:05,5/16/2018 9:10,297.804,344.16,21.86,65,94.5
EV030,CH007-CH008,,,5/16/2018 8:10,5/16/2018 8:15,231.035,255.98,25.304,51.5,85.5
EV030,CH007-CH008,,,5/16/2018 6:18,5/16/2018 6:24,244.965,342.22,26.89,49,84.5
EV030,CH007-CH008,,,5/15/2018 15:14,5/15/2018 15:15,53.915,237,1.87,67,72.5
EV030,CH007-CH008,,,5/13/2018 11:30,5/13/2018 11:33,267.964,361.3,11.002,,100
EV030,CH007-CH008,,,5/11/2018 17:15,5/11/2018 17:16,278.448,292.7,7.78,60,72
EV030,CH007-CH008,,,5/11/2018 12:01,5/11/2018 12:06,324.479,373.74,20.409,72.5,100
EV030,CH007-CH008,,,5/11/2018 11:05,5/11/2018 11:09,252.275,373.44,10.05,86,100
EV030,CH007-CH008,,,5/11/2018 7:07,5/11/2018 7:10,179.633,269.16,10.267,47.5,61
EV030,CH007-CH008,,,5/11/2018 6:15,5/11/2018 6:16,319.246,327.4,5.892,,84.5
EV030,CH007-CH008,,,5/10/2018 16:30,5/10/2018 16:35,255.593,297.24,20.713,59,88
EV030,CH007-CH008,,,5/10/2018 14:25,5/10/2018 14:30,178.529,222.3,18.77,60.5,87.5
EV030,CH007-CH008,,,5/10/2018 10:25,5/10/2018 10:27,143.331,342.46,5.834,91.5,100
EV030,CH007-CH008,,,5/10/2018 9:25,5/10/2018 9:28,232.805,242.92,10.249,,100
EV030,CH007-CH008,,,5/9/2018 16:37,5/9/2018 16:45,239.943,375.52,30.379,57,98
EV030,CH007-CH008,,,5/7/2018 16:30,5/7/2018 16:33,220.668,330.2,6.829,,100
EV030,CH007-CH008,,,5/6/2018 18:30,5/6/2018 18:35,278.575,324.46,17.981,75.5,99
EV030,CH007-CH008,,,5/6/2018 12:30,5/6/2018 12:35,281.628,366.54,24.039,,95.5
EV030,CH007-CH008,,,5/3/2018 11:05,5/3/2018 11:10,258.878,308.8,21.365,52,80.5
EV030,CH007-CH008,,,5/3/2018 9:04,5/3/2018 9:05,182.411,352.2,2.565,50.5,54
EV030,CH007-CH008,,,5/2/2018 13:08,5/2/2018 13:10,218.24,283.68,5.77,52,59.5
EV030,CH007-CH008,,,5/2/2018 12:08,5/2/2018 12:12,282.693,331.54,19.434,58.5,86.5
EV030,CH007-CH008,,,5/2/2018 8:11,5/2/2018 8:15,165.102,340.08,20.524,51.5,79.5
EV030,CH007-CH008,,,5/1/2018 17:14,5/1/2018 17:15,152.292,235.04,2.379,51.5,54.5
EV030,CH007-CH008,,,5/1/2018 16:15,5/1/2018 16:21,249.788,273.7,28.551,,91
EV030,CH007-CH008,,,5/1/2018 6:16,5/1/2018 6:20,235.602,298.2,20.792,55.5,83
EV030,CH007-CH008,,,4/30/2018 18:20,4/30/2018 18:23,202.016,233.68,5.846,90.5,99.5
EV030,CH007-CH008,,,4/30/2018 13:10,4/30/2018 13:11,167.247,192.78,3.3,92,96.5
EV030,CH007-CH008,,,4/30/2018 12:05,4/30/2018 12:10,257.849,311.08,21.045,57.5,86.5
EV030,CH007-CH008,,,4/30/2018 7:10,4/30/2018 7:17,243.665,309.84,31.051,48,89
EV030,CH007-CH008,,,4/28/2018 15:05,4/28/2018 15:10,277.741,368.94,22.9,63,95.5
EV030,CH007-CH008,,,4/28/2018 13:00,4/28/2018 13:05,265.549,379.2,19.495,74,99.5
EV030,CH007-CH008,,,4/28/2018 9:00,4/28/2018 9:05,146.217,248.8,12.801,,95
EV030,CH007-CH008,,,4/27/2018 17:40,4/27/2018 17:44,136.184,291.7,9.602,86.5,100
EV030,CH007-CH008,,,4/27/2018 14:30,4/27/2018 14:34,129.526,164.16,6.55,90.5,100
EV030,CH007-CH008,,,4/27/2018 13:29,4/27/2018 13:30,211.803,282.68,3.58,73.5,78
EV030,CH007-CH008,,,4/27/2018 10:25,4/27/2018 10:28,233.987,274.72,8.218,88,100
EV030,CH007-CH008,,,4/27/2018 6:25,4/27/2018 6:30,214.734,297.16,18.481,,89.5
EV030,CH007-CH008,,,4/25/2018 13:52,4/25/2018 13:55,62.152,179.66,11.624,54,69
EV030,CH007-CH008,,,4/25/2018 10:45,4/25/2018 10:50,207.562,252.58,16.159,65.5,89.5
EV030,CH007-CH008,,,4/25/2018 5:52,4/25/2018 5:55,228.232,369.14,10.697,84.5,99
EV030,CH007-CH008,,,4/24/2018 13:30,4/24/2018 13:33,145.602,267.48,7.55,,100
EV030,CH007-CH008,,,4/23/2018 6:55,4/23/2018 6:56,123.123,153.74,2.192,,97.5
EV030,CH007-CH008,,,4/20/2018 16:40,4/20/2018 16:43,77.764,116.94,4.01,94,100
EV030,CH007-CH008,,,4/20/2018 11:09,4/20/2018 11:17,103.552,216.82,3.608,62.5,100
EV030,CH007-CH008,,,4/20/2018 8:10,4/20/2018 8:15,191.507,195.4,16.211,58.5,81
EV030,CH007-CH008,,,4/20/2018 7:10,4/20/2018 7:13,322.377,368.98,16.369,58,80
EV030,CH007-CH008,,,4/20/2018 6:11,4/20/2018 6:15,195.189,288.68,14.373,46,65
EV030,CH007-CH008,,,4/19/2018 9:50,4/19/2018 9:51,117.162,142.02,2.107,,95
EV030,CH007-CH008,,,4/18/2018 14:50,4/18/2018 14:50,21.782,23.2,0.083,99.5,100
EV030,CH007-CH008,,,4/18/2018 13:42,4/18/2018 13:45,253.606,361.22,11.829,60.5,78.5
EV030,CH007-CH008,,,4/18/2018 12:50,4/18/2018 12:54,267.527,342.98,18.586,64,89.5
EV030,CH007-CH008,,,4/18/2018 6:50,4/18/2018 6:53,271.458,275.84,13.084,,92
EV030,CH007-CH008,,,4/17/2018 10:45,4/17/2018 10:50,43.351,160.48,18.187,72.5,96.5
EV030,CH007-CH008,,,4/17/2018 9:50,4/17/2018 9:55,175.524,179.54,13.927,76.5,94.5
EV030,CH007-CH008,,,4/17/2018 6:50,4/17/2018 6:50,29.842,66.02,0.428,,99.5
EV030,CH007-CH008,,,4/16/2018 17:50,4/16/2018 17:55,206.732,312.16,14.858,55.5,77
EV030,CH007-CH008,,,4/16/2018 15:45,4/16/2018 15:50,207.108,228.12,17.184,66,91
EV030,CH007-CH008,,,4/16/2018 11:45,4/16/2018 11:50,204.667,238.94,17.47,,91.5
EV030,CH007-CH008,,,4/13/2018 13:25,4/13/2018 13:30,290.114,364.42,19.246,74,99
EV030,CH007-CH008,,,4/13/2018 12:22,4/13/2018 12:25,235.555,297,12.991,72,88.5
EV030,CH007-CH008,,,4/13/2018 10:25,4/13/2018 10:29,244.452,251.88,14.099,,100
EV030,CH007-CH008,,,4/12/2018 16:20,4/12/2018 16:23,261.183,271.34,8.534,87.5,100
EV030,CH007-CH008,,,4/12/2018 11:04,4/12/2018 11:05,145.555,207.24,2.064,65,67.5
EV030,CH007-CH008,,,4/12/2018 10:05,4/12/2018 10:10,283.368,323.28,23.173,56,87
EV030,CH007-CH008,,,4/12/2018 6:11,4/12/2018 6:15,132.527,245.8,11.572,48,63.5
EV030,CH007-CH008,,,4/11/2018 14:47,4/11/2018 14:50,242.872,333.46,10.628,73,86.5
EV030,CH007-CH008,,,4/11/2018 13:47,4/11/2018 13:50,115.957,294.06,12.915,64,83.5
EV030,CH007-CH008,,,4/11/2018 12:44,4/11/2018 12:45,234.07,337.1,1.969,72.5,75
EV030,CH007-CH008,,,4/11/2018 9:47,4/11/2018 9:50,166.313,191.1,7.073,72.5,81.5
EV030,CH007-CH008,,,4/11/2018 6:45,4/11/2018 6:49,174.364,205.02,10.054,,100
EV030,CH007-CH008,,,4/10/2018 6:53,4/10/2018 7:04,156.282,285.36,13.627,55.5,100
EV030,CH007-CH008,,,4/9/2018 15:27,4/9/2018 15:30,282.47,343.46,13.075,50,67
EV030,CH007-CH008,,,4/9/2018 14:30,4/9/2018 14:35,118.156,262.08,11.865,53,68.5
EV030,CH007-CH008,,,4/8/2018 18:40,4/8/2018 18:45,223.757,227.7,17.716,74,97
EV030,CH007-CH008,,,4/8/2018 17:45,4/8/2018 17:50,249.758,264.98,18.967,74,98.5
EV030,CH007-CH008,,,4/8/2018 15:45,4/8/2018 15:49,72.903,129.92,5.152,92.5,100
EV030,CH007-CH008,,,4/8/2018 14:35,4/8/2018 14:40,173.216,196.26,12.924,73,89.5
EV030,CH007-CH008,,,4/8/2018 12:35,4/8/2018 12:40,215.432,278.02,15.144,79.5,99.5
EV030,CH007-CH008,,,4/8/2018 10:35,4/8/2018 10:39,213.466,218.52,14.157,77,95
EV030,CH007-CH008,,,4/8/2018 8:25,4/8/2018 8:30,167.897,185.32,14.35,,75
EV030,CH007-CH008,,,4/7/2018 18:52,4/7/2018 18:55,237.208,267.38,12.068,53,68.5
EV030,CH007-CH008,,,4/7/2018 18:15,4/7/2018 18:17,182.464,189.18,5.748,84.5,92
EV030,CH007-CH008,,,4/7/2018 15:09,4/7/2018 15:10,135.887,174.24,2.328,56,59
EV030,CH007-CH008,,,4/7/2018 12:02,4/7/2018 12:05,157.615,198.78,8.793,50.5,62.5
EV030,CH007-CH008,,,4/7/2018 11:05,4/7/2018 11:08,146.941,151.68,8.974,67.5,80
EV030,CH007-CH008,,,4/7/2018 10:05,4/7/2018 10:06,191.135,198.2,4.746,,84.5
EV030,CH007-CH008,,,4/6/2018 13:00,4/6/2018 13:11,194.613,268.36,17.429,56,99
EV030,CH007-CH008,,,4/6/2018 11:10,4/6/2018 11:14,233.984,308.12,16.973,62.5,87.5
EV030,CH007-CH008,,,4/6/2018 7:10,4/6/2018 7:15,262.867,278.42,19.571,66,93
EV030,CH007-CH008,,,4/6/2018 6:15,4/6/2018 6:19,314.007,367.7,12.568,,93
EV030,CH007-CH008,,,4/5/2018 19:25,4/5/2018 19:29,129.745,233.32,8.184,88.5,100
EV030,CH007-CH008,,,4/5/2018 18:15,4/5/2018 18:18,326.352,366.32,7.435,89,100
EV030,CH007-CH008,,,4/5/2018 11:10,4/5/2018 11:14,104.047,125.02,5.106,92,98.5
EV030,CH007-CH008,,,4/5/2018 10:06,4/5/2018 10:10,246.909,308.92,15.387,64.5,87.5
EV030,CH007-CH008,,,4/5/2018 7:08,4/5/2018 7:15,234.117,293.68,27.396,52.5,89
EV030,CH007-CH008,,,4/5/2018 6:20,4/5/2018 6:22,328.935,377.32,11.146,,83.5
EV030,CH007-CH008,,,4/4/2018 8:46,4/4/2018 8:50,232.605,309.62,17.018,67.5,93
EV030,CH007-CH008,,,4/3/2018 13:50,4/3/2018 13:53,112.774,127.94,3.872,94,100
EV030,CH007-CH008,,,4/3/2018 11:46,4/3/2018 11:50,289.429,360.26,19.306,72.5,97.5
EV030,CH007-CH008,,,4/3/2018 10:46,4/3/2018 10:50,236.991,283.92,12.741,64,84
EV030,CH007-CH008,,,4/2/2018 7:47,4/2/2018 7:50,186.465,258.94,10.72,67,83.5
EV030,CH007-CH008,,,4/2/2018 6:45,4/2/2018 6:46,46.122,94.94,1.196,,100
EV030,CH007-CH008,,,3/30/2018 17:41,3/30/2018 17:45,287.857,344.18,16.426,76,97.5
EV030,CH007-CH008,,,3/30/2018 16:30,3/30/2018 16:35,329.098,366.56,20.88,71,98
EV030,CH007-CH008,,,3/30/2018 15:30,3/30/2018 15:33,149.514,209.78,6.25,89.5,98
EV030,CH007-CH008,,,3/30/2018 14:30,3/30/2018 14:31,192.005,263.7,3.679,87,91.5
EV030,CH007-CH008,,,3/30/2018 13:22,3/30/2018 13:30,211.742,277.34,10.95,53.5,96
EV030,CH007-CH008,,,3/30/2018 12:22,3/30/2018 12:28,282.635,352.98,21.221,71.5,100
EV030,CH007-CH008,,,3/30/2018 11:22,3/30/2018 11:27,255.728,318.34,19.842,73.5,100
EV030,CH007-CH008,,,3/30/2018 10:30,3/30/2018 10:30,25.763,45.7,0.368,,100
EV030,CH007-CH008,,,3/30/2018 9:25,3/30/2018 9:31,248.468,348.02,21.334,72,100
EV030,CH007-CH008,,,3/30/2018 8:26,3/30/2018 8:31,307.972,373.5,22.939,63,95.5
EV030,CH007-CH008,,,3/30/2018 7:25,3/30/2018 7:32,191.121,344.66,20.316,72.5,98.5
EV030,CH007-CH008,,,3/30/2018 6:23,3/30/2018 6:33,8.076,138.78,32.751,51,94
EV030,CH007-CH008,,,3/28/2018 19:18,3/28/2018 19:25,227.177,272.8,7.201,66.5,100
EV030,CH007-CH008,,,3/28/2018 18:15,3/28/2018 18:27,220.454,246.82,38.245,47,99.5
EV030,CH007-CH008,,,3/28/2018 17:13,3/28/2018 17:18,173.184,290.58,20.166,52,79.5
EV030,CH007-CH008,,,3/28/2018 16:12,3/28/2018 16:20,224.32,287.44,32.688,47.5,91.5
EV030,CH007-CH008,,,3/28/2018 15:20,3/28/2018 15:20,260.721,272.8,1.612,78,80
EV030,CH007-CH008,,,3/28/2018 14:10,3/28/2018 14:14,154.733,196.22,7.037,89.5,100
EV030,CH007-CH008,,,3/28/2018 13:12,3/28/2018 13:16,232.756,300.74,15.361,61.5,84.5
EV030,CH007-CH008,,,3/28/2018 12:20,3/28/2018 12:23,100.684,116.54,3.356,95,100
EV030,CH007-CH008,,,3/28/2018 11:09,3/28/2018 11:16,235.048,276.7,28.526,53.5,91
EV030,CH007-CH008,,,3/28/2018 10:13,3/28/2018 10:16,254.36,318.58,13.559,66.5,86.5
EV030,CH007-CH008,,,3/28/2018 8:08,3/28/2018 8:15,244.274,280.46,28.505,48.5,87
EV030,CH007-CH008,,,3/28/2018 7:10,3/28/2018 7:15,220.318,228.66,19.953,58,85
EV030,CH007-CH008,,,3/28/2018 6:14,3/28/2018 6:15,162.286,298.24,2.282,49.5,53
EV030,CH007-CH008,,,3/27/2018 19:25,3/27/2018 19:25,26.542,28.12,0.07,99,100
EV030,CH007-CH008,,,3/27/2018 17:07,3/27/2018 17:13,279.432,360.12,20.099,73,100
EV030,CH007-CH008,,,3/27/2018 16:09,3/27/2018 16:10,276.245,316.92,4.675,49.5,56
EV030,CH007-CH008,,,3/27/2018 15:20,3/27/2018 15:20,215.492,323.1,0.647,79,79.5
EV030,CH007-CH008,,,3/27/2018 14:03,3/27/2018 14:10,306.472,360.04,8.906,63,100
EV030,CH007-CH008,,,3/27/2018 13:10,3/27/2018 13:11,117.56,147.54,1.594,97.5,100
EV030,CH007-CH008,,,3/27/2018 12:10,3/27/2018 12:16,220.368,238.84,18.857,74.5,99.5
EV030,CH007-CH008,,,3/27/2018 11:07,3/27/2018 11:13,237.115,289.9,20.669,72.5,100
EV030,CH007-CH008,,,3/27/2018 10:01,3/27/2018 10:07,192.868,238.2,19.254,74,100
EV030,CH007-CH008,,,3/27/2018 9:00,3/27/2018 9:11,192.428,330.96,33.774,55,100
EV030,CH007-CH008,,,3/27/2018 8:08,3/27/2018 8:15,254.018,310.24,30.805,41.5,83
EV030,CH007-CH008,,,3/27/2018 7:08,3/27/2018 7:15,144.607,239.68,28.215,44,82
EV030,CH007-CH008,,,3/26/2018 21:20,3/26/2018 21:39,36.443,43.02,9.315,86,100
EV030,CH007-CH008,,,3/26/2018 20:46,3/26/2018 21:05,35.353,40.48,11.983,55.5,72.5
EV030,CH007-CH008,,,3/26/2018 16:45,3/26/2018 16:50,243.886,248.42,19.336,74.5,100
EV030,CH007-CH008,,,3/26/2018 15:50,3/26/2018 15:58,296.697,325.26,26.556,64.5,100
EV030,CH007-CH008,,,3/26/2018 14:51,3/26/2018 14:58,191.76,223.12,23.929,62.5,96.5
EV030,CH007-CH008,,,3/26/2018 13:47,3/26/2018 13:50,300.347,359.5,17.168,57,82
EV030,CH007-CH008,,,3/26/2018 12:45,3/26/2018 12:58,165.447,268.72,34.389,54,100
EV030,CH007-CH008,,,3/26/2018 11:47,3/26/2018 11:53,187.7,328.32,22.262,67,100
EV030,CH007-CH008,,,3/26/2018 10:48,3/26/2018 10:55,181.616,204.02,20.105,67.5,97.5
EV030,CH007-CH008,,,3/26/2018 9:45,3/26/2018 9:50,262.918,328.64,18.396,75,99.5
EV030,CH007-CH008,,,3/26/2018 8:43,3/26/2018 8:55,258.019,294,35.92,49.5,98
EV030,CH007-CH008,,,3/26/2018 7:45,3/26/2018 7:50,227.114,279.38,20.531,48,76.5
EV030,CH007-CH008,,,3/26/2018 6:45,3/26/2018 6:55,241.38,268.82,18.937,40.5,90.5
EV030,CH007-CH008,,,3/26/2018 5:52,3/26/2018 6:00,152.448,237,19.177,71,96
EV030,CH007-CH008,,,3/24/2018 18:55,3/24/2018 18:57,187.969,195.38,8.671,84.5,96
EV030,CH007-CH008,,,3/24/2018 18:09,3/24/2018 18:17,255.919,288.48,26.74,62,99.5
EV030,CH007-CH008,,,3/24/2018 17:09,3/24/2018 17:15,198.576,241.24,17.862,62.5,88
EV030,CH007-CH008,,,3/24/2018 16:10,3/24/2018 16:12,171.684,290.22,5.701,91,99.5
EV030,CH007-CH008,,,3/24/2018 15:10,3/24/2018 15:12,91.693,134,2.868,,99.5
EV030,CH007-CH008,,,3/24/2018 14:05,3/24/2018 14:11,303.109,317.24,23.592,65.5,99.5
EV030,CH007-CH008,,,3/24/2018 13:03,3/24/2018 13:09,250.351,309.66,23.165,65.5,99
EV030,CH007-CH008,,,3/24/2018 12:05,3/24/2018 12:05,27.588,45.74,0.395,,100
EV030,CH007-CH008,,,3/24/2018 10:05,3/24/2018 10:08,243.596,292.98,15.576,,94
EV030,CH007-CH008,,,3/23/2018 17:50,3/23/2018 17:53,220.091,229.76,9.081,87,100
EV030,CH007-CH008,,,3/23/2018 16:45,3/23/2018 16:50,253.501,286.08,17.873,63.5,89.5
EV030,CH007-CH008,,,3/23/2018 15:47,3/23/2018 15:55,225.745,305.5,28.078,55,91.5
EV030,CH007-CH008,,,3/23/2018 14:48,3/23/2018 14:53,246.32,326.46,19.728,60,87.5
EV030,CH007-CH008,,,3/23/2018 13:50,3/23/2018 13:52,284.684,347.9,8.967,84,95.5
EV030,CH007-CH008,,,3/23/2018 12:43,3/23/2018 12:51,207.623,240.56,22.817,66.5,100
EV030,CH007-CH008,,,3/23/2018 11:48,3/23/2018 11:50,12.62,90.06,4.385,57,62.5
EV030,CH007-CH008,,,3/23/2018 10:45,3/23/2018 10:55,163.667,169.08,28.113,59,96.5
EV030,CH007-CH008,,,3/23/2018 9:44,3/23/2018 9:50,165.112,214.64,2.15,74.5,100
EV030,CH007-CH008,,,3/23/2018 8:50,3/23/2018 8:55,190.602,192.3,9.692,81.5,93.5
EV030,CH007-CH008,,,3/23/2018 7:45,3/23/2018 7:55,187.603,205.7,31.807,44.5,87
EV030,CH007-CH008,,,3/23/2018 6:42,3/23/2018 6:47,194.84,245.5,12.834,76,92.5
EV030,CH007-CH008,,,3/22/2018 17:36,3/22/2018 17:41,310.281,366.24,18.511,75,100
EV030,CH007-CH008,,,3/22/2018 16:28,3/22/2018 16:35,220.561,354.58,22.213,67,100
EV030,CH007-CH008,,,3/22/2018 14:23,3/22/2018 14:30,220.288,265,7.66,62.5,98.5
EV030,CH007-CH008,,,3/22/2018 13:22,3/22/2018 13:30,246.64,302.58,29.492,55,94
EV030,CH007-CH008,,,3/22/2018 12:25,3/22/2018 12:28,241.937,256.92,9.145,87.5,100
EV030,CH007-CH008,,,3/22/2018 11:25,3/22/2018 11:32,214.818,235.02,22.148,67,99
EV030,CH007-CH008,,,3/22/2018 10:23,3/22/2018 10:31,146.874,196.14,5.247,67,100
EV030,CH007-CH008,,,3/22/2018 8:23,3/22/2018 8:30,208.467,253.84,23.931,60,93
EV030,CH007-CH008,,,3/22/2018 7:26,3/22/2018 7:32,222.478,258.54,22.845,61.5,93.5
EV030,CH007-CH008,,,3/22/2018 6:25,3/22/2018 6:36,165.176,359.3,31.388,54.5,95.5
EV030,CH007-CH008,,,3/16/2018 15:10,3/16/2018 15:17,204.819,296.22,24.063,64,98
EV030,CH007-CH008,,,3/16/2018 14:01,3/16/2018 14:10,223.655,286.42,32.358,47,90
EV030,CH007-CH008,,,3/16/2018 13:15,3/16/2018 13:16,205.875,220.52,4.464,,78
EV030,CH007-CH008,,,3/16/2018 12:09,3/16/2018 12:19,33.64,146.22,29.341,44.5,84
EV030,CH007-CH008,,,3/16/2018 11:15,3/16/2018 11:19,171.513,202.44,11.852,65,81.5
EV030,CH007-CH008,,,3/16/2018 9:10,3/16/2018 9:13,159.024,166.96,6.676,87,95.5
EV030,CH007-CH008,,,3/16/2018 8:09,3/16/2018 8:15,179.286,293.4,4.236,54,90
EV030,CH007-CH008,,,3/16/2018 7:09,3/16/2018 7:15,315.991,377.8,28.646,52,89.5
EV030,CH007-CH008,,,3/16/2018 6:13,3/16/2018 6:20,250.499,381.4,30.131,48,87.5
EV030,CH007-CH008,,,3/15/2018 17:55,3/15/2018 17:55,25.863,28.38,0.074,99.5,100
EV030,CH007-CH008,,,3/15/2018 16:44,3/15/2018 16:52,206.719,363.6,27.916,60.5,100
EV030,CH007-CH008,,,3/15/2018 15:48,3/15/2018 15:50,222.315,257.56,7.535,61.5,74.5
EV030,CH007-CH008,,,3/15/2018 13:50,3/15/2018 13:54,301.048,320.84,18.222,73.5,96.5
EV030,CH007-CH008,,,3/15/2018 12:50,3/15/2018 12:53,293.03,316.3,12.924,79,96
EV030,CH007-CH008,,,3/15/2018 11:46,3/15/2018 11:50,198.896,249.22,13.081,65,85
EV030,CH007-CH008,,,3/15/2018 10:48,3/15/2018 10:55,196.972,270.4,4.32,66.5,99.5
EV030,CH007-CH008,,,3/15/2018 9:47,3/15/2018 9:56,231.377,327.68,26.634,62.5,100
EV030,CH007-CH008,,,3/15/2018 8:55,3/15/2018 8:59,165.034,246.3,10.205,85.5,99.5
EV030,CH007-CH008,,,3/15/2018 7:50,3/15/2018 7:55,132.383,380.16,11.071,79,92.5
EV030,CH007-CH008,,,3/15/2018 6:49,3/15/2018 6:55,235.196,271.06,22.241,56.5,87.5
EV030,CH007-CH008,,,3/15/2018 5:48,3/15/2018 5:55,228.971,296.52,19.483,62.5,90.5
EV030,CH007-CH008,,,3/13/2018 18:32,3/13/2018 18:40,287.221,331.66,27.574,61,100
EV030,CH007-CH008,,,3/13/2018 17:31,3/13/2018 17:35,266.79,303.52,16.518,72,93
EV030,CH007-CH008,,,3/13/2018 16:27,3/13/2018 16:30,267.586,307.26,11.372,59.5,77
EV030,CH007-CH008,,,3/13/2018 15:30,3/13/2018 15:36,263.631,351.86,24.282,58.5,91.5
EV030,CH007-CH008,,,3/13/2018 14:33,3/13/2018 14:40,168.247,326.8,24.101,57,89.5
EV030,CH007-CH008,,,3/13/2018 13:33,3/13/2018 13:36,319.396,355.3,18.81,65,92
EV030,CH007-CH008,,,3/13/2018 12:24,3/13/2018 12:30,172.811,266.7,21.22,63,93.5
EV030,CH007-CH008,,,3/13/2018 11:25,3/13/2018 11:30,210.733,265.64,17.113,74.5,97
EV030,CH007-CH008,,,3/13/2018 10:25,3/13/2018 10:30,209.717,231.56,15.328,78.5,98.5
EV030,CH007-CH008,,,3/13/2018 9:23,3/13/2018 9:25,278.567,361.1,10.212,75,87.5
EV030,CH007-CH008,,,3/13/2018 8:25,3/13/2018 8:31,249.826,311.72,22.133,67.5,100
EV030,CH007-CH008,,,3/13/2018 7:25,3/13/2018 7:30,239.53,355.62,16.436,77.5,100
EV030,CH007-CH008,,,3/13/2018 6:30,3/13/2018 6:40,132.502,255.74,22.784,,100
EV030,CH007-CH008,,,3/12/2018 18:32,3/12/2018 18:37,283.271,371.76,21.235,72,100
EV030,CH007-CH008,,,3/12/2018 17:35,3/12/2018 17:40,263.071,273.96,18.354,75.5,100
EV030,CH007-CH008,,,3/12/2018 16:23,3/12/2018 16:25,189.629,248.9,7.306,76,85.5
EV030,CH007-CH008,,,3/12/2018 15:30,3/12/2018 15:35,270.443,363.7,17.239,75.5,97.5
EV030,CH007-CH008,,,3/12/2018 14:30,3/12/2018 14:35,227.548,322.48,19.128,71,95
EV030,CH007-CH008,,,3/12/2018 13:30,3/12/2018 13:33,254.148,255.14,11.848,83.5,100
EV030,CH007-CH008,,,3/12/2018 12:26,3/12/2018 12:33,304.057,362.8,27.132,61.5,100
EV030,CH007-CH008,,,3/12/2018 11:25,3/12/2018 11:30,215.441,368.26,17.792,76.5,100
EV030,CH007-CH008,,,3/12/2018 10:25,3/12/2018 10:30,269.841,286.32,18.674,74.5,99
EV030,CH007-CH008,,,3/12/2018 9:23,3/12/2018 9:25,180.329,234.12,5.366,78.5,85.5
EV030,CH007-CH008,,,3/12/2018 8:22,3/12/2018 8:25,111.389,209.96,7.876,59.5,72.5
EV030,CH007-CH008,,,3/12/2018 7:25,3/12/2018 7:31,230.124,299.36,21.07,64,94
EV030,CH007-CH008,,,3/12/2018 6:28,3/12/2018 6:30,213.35,264.08,7.242,55,64.5
EV030,CH007-CH008,,,3/10/2018 18:13,3/10/2018 18:18,171.475,233.98,18.283,72,95.5
EV030,CH007-CH008,,,3/10/2018 17:10,3/10/2018 17:13,301.489,305.78,8.826,87.5,100
EV030,CH007-CH008,,,3/10/2018 15:52,3/10/2018 15:57,272.015,338.94,19.488,74,100
EV030,CH007-CH008,,,3/10/2018 14:57,3/10/2018 15:04,232.255,274.98,25.687,63,100
EV030,CH007-CH008,,,3/10/2018 14:02,3/10/2018 14:08,288.386,359.16,21.523,71.5,100
EV030,CH007-CH008,,,3/10/2018 12:57,3/10/2018 13:03,246.739,276.06,19.093,74.5,100
EV030,CH007-CH008,,,3/10/2018 11:59,3/10/2018 12:05,115.199,238.06,21.901,64,95
EV030,CH007-CH008,,,3/10/2018 10:52,3/10/2018 10:55,175.381,234.2,7.514,76,85.5
EV030,CH007-CH008,,,3/10/2018 9:54,3/10/2018 9:55,192.896,312.32,1.624,64,66
EV030,CH007-CH008,,,3/10/2018 8:55,3/10/2018 9:09,194.882,208.38,45.351,,100
EV030,CH007-CH008,,,3/8/2018 19:19,3/8/2018 19:25,167.311,212.82,19.726,73,100
EV030,CH007-CH008,,,3/8/2018 18:15,3/8/2018 18:24,212.443,376.14,31.192,57,100
EV030,CH007-CH008,,,3/8/2018 17:10,3/8/2018 17:17,266.168,267.18,23.283,67.5,100
EV030,CH007-CH008,,,3/8/2018 16:09,3/8/2018 16:17,302.661,336.68,46.13,28,89
EV030,CH007-CH008,,,3/8/2018 14:06,3/8/2018 14:13,257.801,312.86,28.511,59.5,100
EV030,CH007-CH008,,,3/8/2018 13:04,3/8/2018 13:11,79.224,207.38,1.383,64,100
EV030,CH007-CH008,,,3/8/2018 11:01,3/8/2018 11:07,268.138,324.32,22.068,67,100
EV030,CH007-CH008,,,3/8/2018 10:06,3/8/2018 10:17,231.992,267.76,32.106,56.5,100
EV030,CH007-CH008,,,3/8/2018 9:15,3/8/2018 9:21,273.611,321.76,19.684,74,99.5
EV030,CH007-CH008,,,3/8/2018 8:10,3/8/2018 8:15,262.186,275.6,21.521,47,76.5
EV030,CH007-CH008,,,3/8/2018 7:15,3/8/2018 7:20,247.385,254.34,19.637,52.5,79
EV030,CH007-CH008,,,3/8/2018 6:11,3/8/2018 6:21,180.472,260.22,31.232,50,91
EV030,CH007-CH008,,,3/6/2018 18:35,3/6/2018 18:43,269.17,353.84,36.141,51,100
EV030,CH007-CH008,,,3/6/2018 16:27,3/6/2018 16:38,201.636,252.38,34.152,53.5,100
EV030,CH007-CH008,,,3/6/2018 15:25,3/6/2018 15:30,305.828,343.1,20.221,72,98
EV030,CH007-CH008,,,3/6/2018 14:30,3/6/2018 14:31,91.421,100.96,1.192,96,97.5
EV030,CH007-CH008,,,3/6/2018 13:23,3/6/2018 13:29,213.166,246.58,20.17,64,93.5
EV030,CH007-CH008,,,3/6/2018 12:23,3/6/2018 12:31,118.022,209,8.069,59,97
EV030,CH007-CH008,,,3/6/2018 11:22,3/6/2018 11:30,182.95,191.28,9.234,55.5,90
EV030,CH007-CH008,,,3/6/2018 10:23,3/6/2018 10:30,163.644,177.42,19.518,55,81
EV030,CH007-CH008,,,3/6/2018 9:22,3/6/2018 9:30,149.74,197.28,26.43,55.5,90.5
EV030,CH007-CH008,,,3/6/2018 6:24,3/6/2018 6:37,110.423,170.84,26.247,31.5,88
EV030,CH007-CH008,,,3/5/2018 19:24,3/5/2018 19:25,177.77,238.72,6.066,74,82
EV030,CH007-CH008,,,3/5/2018 18:20,3/5/2018 18:24,111.133,169.06,6.425,90,99.5
EV030,CH007-CH008,,,3/5/2018 17:15,3/5/2018 17:18,278.754,341.18,15.71,76.5,96.5
EV030,CH007-CH008,,,3/5/2018 16:10,3/5/2018 16:20,197.847,222.34,31.006,53.5,95
EV030,CH007-CH008,,,3/5/2018 15:16,3/5/2018 15:20,228.209,271.88,15.216,64,86.5
EV030,CH007-CH008,,,3/5/2018 14:10,3/5/2018 14:14,91.76,196.34,6.204,90.5,100
EV030,CH007-CH008,,,3/5/2018 13:10,3/5/2018 13:12,177.42,236.46,6.049,91,99.5
EV030,CH007-CH008,,,3/5/2018 12:05,3/5/2018 12:15,202.131,252.5,28.313,61,98.5
EV030,CH007-CH008,,,3/5/2018 11:04,3/5/2018 11:05,168.95,191.22,2.872,49,53
EV030,CH007-CH008,,,3/5/2018 9:10,3/5/2018 9:15,193.286,202,17.178,49.5,74
EV030,CH007-CH008,,,3/5/2018 7:07,3/5/2018 7:20,137.467,156.88,19.562,35.5,80.5
EV030,CH007-CH008,,,3/5/2018 6:11,3/5/2018 6:24,116.295,168.22,18.906,34.5,85
EV030,CH007-CH008,,,3/2/2018 17:55,3/2/2018 18:05,175.14,184.22,23.147,67.5,99
EV030,CH007-CH008,,,3/2/2018 16:50,3/2/2018 16:57,219.161,263.98,28.167,55.5,93.5
EV030,CH007-CH008,,,3/2/2018 15:53,3/2/2018 16:02,256.461,345.16,33.932,52,97
EV030,CH007-CH008,,,3/2/2018 14:50,3/2/2018 14:56,146.028,185.38,19.895,59.5,88
EV030,CH007-CH008,,,3/2/2018 13:45,3/2/2018 13:52,191.956,260.3,20.109,73.5,100
EV030,CH007-CH008,,,3/2/2018 12:46,3/2/2018 12:50,247.183,284.76,16.235,55.5,77.5
EV030,CH007-CH008,,,3/2/2018 11:45,3/2/2018 11:50,168.195,283.1,14.571,51.5,72
EV030,CH007-CH008,,,3/2/2018 10:50,3/2/2018 10:54,175.795,181.28,11.447,65,81
EV030,CH007-CH008,,,3/2/2018 9:45,3/2/2018 9:56,205.854,293.8,30.131,53.5,93.5
EV030,CH007-CH008,,,3/2/2018 8:47,3/2/2018 8:50,143.912,191.7,8.725,53.5,65
EV030,CH007-CH008,,,3/2/2018 7:47,3/2/2018 8:03,125.011,201.68,27.043,37,95.5
EV030,CH007-CH008,,,3/2/2018 6:55,3/2/2018 7:00,162.971,163.52,14.777,49,68.5
EV030,CH007-CH008,,,3/2/2018 5:56,3/2/2018 6:00,151.641,238.72,9.413,60,75
EV030,CH007-CH008,,,2/28/2018 17:48,2/28/2018 17:55,216.927,351.44,21.85,67.5,100
EV030,CH007-CH008,,,2/28/2018 15:44,2/28/2018 15:50,301.775,348.6,26.518,42.5,78.5
EV030,CH007-CH008,,,2/28/2018 14:50,2/28/2018 14:53,284.498,317,18.177,50,75
EV030,CH007-CH008,,,2/28/2018 13:00,2/28/2018 13:02,316.803,370.88,10.475,62,77
EV030,CH007-CH008,,,2/28/2018 11:55,2/28/2018 11:59,170.322,203.24,11.114,44,58.5
EV030,CH007-CH008,,,2/28/2018 10:55,2/28/2018 10:57,189.372,214.18,6.73,58.5,67.5
EV030,CH007-CH008,,,2/28/2018 9:55,2/28/2018 10:02,223.158,343.04,21.947,69,98.5
EV030,CH007-CH008,,,2/28/2018 8:47,2/28/2018 9:00,205.913,229.46,37.502,47,98.5
EV030,CH007-CH008,,,2/28/2018 7:50,2/28/2018 7:55,165.365,194.92,13.989,49,67.5
EV030,CH007-CH008,,,2/28/2018 6:47,2/28/2018 7:01,223.95,306.42,31.616,36,94.5
EV030,CH007-CH008,,,2/28/2018 5:55,2/28/2018 6:00,209.381,336.5,18.087,,80.5
EV030,CH007-CH008,,,2/24/2018 18:25,2/24/2018 18:30,264.489,346.52,22.749,59.5,91
EV030,CH007-CH008,,,2/24/2018 17:25,2/24/2018 17:28,356.675,371.52,14.125,80.5,99
EV030,CH007-CH008,,,2/24/2018 16:26,2/24/2018 16:30,323.279,373.5,17.101,73,95
EV030,CH007-CH008,,,2/24/2018 15:18,2/24/2018 15:26,279.644,331.98,7.633,61,100
EV030,CH007-CH008,,,2/24/2018 14:24,2/24/2018 14:32,255.426,359,32.992,54.5,98
EV030,CH007-CH008,,,2/24/2018 12:20,2/24/2018 12:30,264.136,361.28,32.114,56,98.5
EV030,CH007-CH008,,,2/24/2018 11:23,2/24/2018 11:30,277.538,369.18,24.161,65,100
EV030,CH007-CH008,,,2/24/2018 10:30,2/24/2018 10:35,183.235,217.18,9.883,81.5,93.5
EV030,CH007-CH008,,,2/24/2018 9:25,2/24/2018 9:35,290.251,302.12,22.102,53.5,94.5
EV030,CH007-CH008,,,2/24/2018 8:25,2/24/2018 8:35,302.305,367.82,36.022,,88.5
EV030,CH007-CH008,,,2/16/2018 19:18,2/16/2018 19:24,287.802,354.68,21.003,71.5,100
EV030,CH007-CH008,,,2/16/2018 18:15,2/16/2018 18:25,215.419,348.22,31.286,56.5,100
EV030,CH007-CH008,,,2/16/2018 17:09,2/16/2018 17:17,319.109,367.32,35.924,49.5,97.5
EV030,CH007-CH008,,,2/16/2018 16:10,2/16/2018 16:16,315.196,351.04,33.905,41.5,87
EV030,CH007-CH008,,,2/16/2018 14:07,2/16/2018 14:15,243.681,322.96,30.772,56,97
EV030,CH007-CH008,,,2/16/2018 13:05,2/16/2018 13:11,328.921,358.96,24.997,62,94.5
EV030,CH007-CH008,,,2/16/2018 12:05,2/16/2018 12:11,283.939,355.26,29.413,51,89.5
EV030,CH007-CH008,,,2/16/2018 11:08,2/16/2018 11:14,241.435,327.22,27.398,54.5,90
EV030,CH007-CH008,,,2/16/2018 10:04,2/16/2018 10:14,257.201,304.2,37.657,48.5,99
EV030,CH007-CH008,,,2/16/2018 9:15,2/16/2018 9:15,194.642,202.78,1.868,86.5,88.5
EV030,CH007-CH008,,,2/16/2018 8:11,2/16/2018 8:20,330.933,371.32,45.698,30.5,91.5
EV030,CH007-CH008,,,2/16/2018 7:08,2/16/2018 7:15,125.196,258.72,26.861,38.5,76.5
EV030,CH007-CH008,,,2/15/2018 19:25,2/15/2018 19:30,213.927,307.78,16.273,75,95.5
EV030,CH007-CH008,,,2/15/2018 18:25,2/15/2018 18:25,0.676,26.66,0.003,,99.5
EV030,CH007-CH008,,,2/15/2018 17:10,2/15/2018 17:18,285.823,322.02,39.602,38.5,91.5
EV030,CH007-CH008,,,2/15/2018 16:10,2/15/2018 16:15,181.816,216.92,18.924,46,72.5
EV030,CH007-CH008,,,2/15/2018 15:16,2/15/2018 15:19,287.974,359.4,10.628,58.5,75
EV030,CH007-CH008,,,2/15/2018 14:03,2/15/2018 14:13,220.006,276.06,11.039,52.5,100
EV030,CH007-CH008,,,2/15/2018 12:10,2/15/2018 12:12,309.101,321.46,13.596,60.5,79
EV030,CH007-CH008,,,2/15/2018 11:07,2/15/2018 11:15,282.572,352.88,32.934,52,95.5
EV030,CH007-CH008,,,2/15/2018 10:08,2/15/2018 10:16,296.973,333.38,39.54,42.5,95.5
EV030,CH007-CH008,,,2/15/2018 9:14,2/15/2018 9:20,296.184,351.1,30.742,46,87
EV030,CH007-CH008,,,2/15/2018 8:15,2/15/2018 8:27,215.501,373.14,43.254,40.5,100
EV030,CH007-CH008,,,2/15/2018 7:11,2/15/2018 7:18,273.535,337.52,33.619,34.5,80.5
EV030,CH007-CH008,,,2/15/2018 6:11,2/15/2018 6:18,187.378,260.16,22.464,55,85
EV030,CH007-CH008,,,2/13/2018 16:18,2/13/2018 16:28,172.702,275.68,10.954,58,100
EV030,CH007-CH008,,,2/13/2018 15:26,2/13/2018 15:31,247.759,291,20.777,59.5,89
EV030,CH007-CH008,,,2/13/2018 14:23,2/13/2018 14:30,324.087,363.52,28.973,56,93.5
EV030,CH007-CH008,,,2/13/2018 13:26,2/13/2018 13:32,208.158,332.3,29.593,52.5,91.5
EV030,CH007-CH008,,,2/13/2018 12:24,2/13/2018 12:30,289.008,336.4,27.954,52.5,89.5
EV030,CH007-CH008,,,2/13/2018 11:25,2/13/2018 11:30,268.631,283.7,22.789,61.5,91.5
EV030,CH007-CH008,,,2/13/2018 10:25,2/13/2018 10:33,262.944,308.28,30.569,52.5,92.5
EV030,CH007-CH008,,,2/13/2018 9:25,2/13/2018 9:30,245.243,316.1,18.739,68,93
EV030,CH007-CH008,,,2/13/2018 8:25,2/13/2018 8:30,305.909,376.06,23.388,49.5,81
EV030,CH007-CH008,,,2/13/2018 7:23,2/13/2018 7:30,231.286,334.26,29.136,45.5,85
EV030,CH007-CH008,,,2/13/2018 6:26,2/13/2018 6:37,173.631,241.74,16.864,40.5,88
EV030,CH007-CH008,,,2/11/2018 9:25,2/11/2018 9:29,117.939,142.8,6.565,90.5,100
EV030,CH007-CH008,,,2/11/2018 9:14,2/11/2018 9:15,-0.993,-0.86,0.002,32,32
EV030,CH007-CH008,,,2/9/2018 19:23,2/9/2018 19:24,226.329,255.26,5.522,74,81
EV030,CH007-CH008,,,2/9/2018 18:20,2/9/2018 18:24,150.438,363.72,10.357,85.5,100
EV030,CH007-CH008,,,2/9/2018 17:12,2/9/2018 17:17,240.328,275.74,15.109,79,100
EV030,CH007-CH008,,,2/9/2018 16:28,2/9/2018 16:37,202.24,256.26,38.037,45,96
EV030,CH007-CH008,,,2/9/2018 15:25,2/9/2018 15:29,308.942,358.3,19.769,53.5,80
EV030,CH007-CH008,,,2/9/2018 14:11,2/9/2018 14:15,217.14,268.7,13.518,65.5,86
EV030,CH007-CH008,,,2/9/2018 13:08,2/9/2018 13:16,226.909,274.42,26.732,61,100
EV030,CH007-CH008,,,2/9/2018 12:05,2/9/2018 12:14,121.13,256.96,30.946,56.5,98
EV030,CH007-CH008,,,2/9/2018 11:09,2/9/2018 11:15,289.264,360.8,26.744,56.5,93
EV030,CH007-CH008,,,2/9/2018 10:04,2/9/2018 10:05,204.26,337.6,1.715,54.5,56.5
EV030,CH007-CH008,,,2/9/2018 9:05,2/9/2018 9:16,230.385,370.64,42.114,44,100
EV030,CH007-CH008,,,2/9/2018 8:08,2/9/2018 8:20,225.499,269.26,47.726,23.5,88.5
EV030,CH007-CH008,,,2/7/2018 17:51,2/7/2018 18:00,313.237,347.16,18.113,45,99.5
EV030,CH007-CH008,,,2/7/2018 15:54,2/7/2018 16:00,182.257,275.82,4.968,49.5,86.5
EV030,CH007-CH008,,,2/7/2018 14:49,2/7/2018 14:56,2.507,73.72,8.17,43.5,89
EV030,CH007-CH008,,,2/7/2018 11:46,2/7/2018 11:53,187.036,259.38,21.776,67.5,100
EV030,CH007-CH008,,,2/7/2018 10:45,2/7/2018 10:51,263.488,306.96,20.619,72.5,100
EV030,CH007-CH008,,,2/7/2018 9:44,2/7/2018 9:52,295.381,345.26,29.189,59,100
EV030,CH007-CH008,,,2/7/2018 8:42,2/7/2018 8:50,319.519,367.6,36.502,49,97.5
EV030,CH007-CH008,,,2/7/2018 7:45,2/7/2018 7:51,304.158,356.08,32.394,46.5,89.5
EV030,CH007-CH008,,,2/7/2018 6:50,2/7/2018 6:55,268.326,302.36,18.976,67,92.5
EV030,CH007-CH008,,,2/7/2018 5:55,2/7/2018 6:00,185.533,343.34,16.037,,97.5
EV030,CH007-CH008,,,2/4/2018 18:55,2/4/2018 19:00,227.773,368.48,19.447,74,99
EV030,CH007-CH008,,,2/4/2018 17:51,2/4/2018 17:55,262.697,321.54,18.631,71.5,95.5
EV030,CH007-CH008,,,2/4/2018 15:53,2/4/2018 16:01,230.862,276.26,8.546,61.5,100
EV030,CH007-CH008,,,2/4/2018 14:57,2/4/2018 15:03,251.196,361.1,24.093,65,100
EV030,CH007-CH008,,,2/4/2018 13:55,2/4/2018 14:02,304.114,368.26,25.341,63.5,100
EV030,CH007-CH008,,,2/4/2018 12:00,2/4/2018 12:05,177.852,274.2,14.825,80,100
EV030,CH007-CH008,,,2/4/2018 9:55,2/4/2018 10:01,247.251,376.18,21.257,71.5,100
EV030,CH007-CH008,,,2/4/2018 8:55,2/4/2018 9:08,178.25,347.68,38.289,48.5,100
EV030,CH007-CH008,,,1/29/2018 14:18,1/29/2018 14:25,140.143,196.34,18.615,51.5,76.5
EV030,CH007-CH008,,,1/24/2018 18:50,1/24/2018 18:55,184.501,213.78,13.816,77,94.5
EV030,CH007-CH008,,,1/24/2018 17:50,1/24/2018 17:55,312.072,372.42,25.339,58,91.5
EV030,CH007-CH008,,,1/24/2018 16:45,1/24/2018 16:50,347.562,367.52,25.058,60,92.5
EV030,CH007-CH008,,,1/24/2018 15:37,1/24/2018 15:42,252.744,308.2,23.099,59,91
EV030,CH007-CH008,,,1/24/2018 14:27,1/24/2018 14:36,242.196,272.1,14.602,53,97.5
EV030,CH007-CH008,,,1/24/2018 13:23,1/24/2018 13:30,290.587,335.1,32.979,49,93
EV030,CH007-CH008,,,1/24/2018 12:30,1/24/2018 12:32,274.71,316.32,9.168,78.5,89.5
EV030,CH007-CH008,,,1/24/2018 11:23,1/24/2018 11:30,261.507,316.48,30.822,50,91
EV030,CH007-CH008,,,1/24/2018 10:30,1/24/2018 10:30,185.62,212.64,1.756,88,90
EV030,CH007-CH008,,,1/24/2018 9:25,1/24/2018 9:30,326.079,343.76,26.445,57,92
EV030,CH007-CH008,,,1/24/2018 8:25,1/24/2018 8:31,265.854,328.6,25.944,55,89
EV030,CH007-CH008,,,1/24/2018 7:25,1/24/2018 7:32,253.877,280.12,25.448,56,89.5
EV030,CH007-CH008,,,1/24/2018 6:24,1/24/2018 6:33,135.571,257.34,8.411,47.5,88.5
EV030,CH007-CH008,,,1/23/2018 18:41,1/23/2018 19:13,40.511,43,10.868,79,100
EV030,CH007-CH008,,,1/21/2018 19:10,1/21/2018 19:13,166.225,168,7.469,89.5,99.5
EV030,CH007-CH008,,,1/21/2018 18:21,1/21/2018 18:25,282.947,325.38,16.242,75,96.5
EV030,CH007-CH008,,,1/21/2018 17:22,1/21/2018 17:25,272.22,299.56,10.76,74.5,88.5
EV030,CH007-CH008,,,1/21/2018 16:22,1/21/2018 16:28,266.71,308.46,19.724,73.5,100
EV030,CH007-CH008,,,1/21/2018 15:24,1/21/2018 15:30,15.964,128.7,0.26,71,100
EV030,CH007-CH008,,,1/21/2018 14:22,1/21/2018 14:27,246.725,311.48,20.75,72.5,100
EV030,CH007-CH008,,,1/21/2018 13:24,1/21/2018 13:25,219.94,264.44,1.856,74,76.5
EV030,CH007-CH008,,,1/21/2018 11:25,1/21/2018 11:30,223.537,246.34,14.66,80,100
EV030,CH007-CH008,,,1/21/2018 10:21,1/21/2018 10:32,258.839,299.1,19.279,58,100
EV030,CH007-CH008,,,1/21/2018 9:22,1/21/2018 9:33,295.057,369.14,32.644,52.5,96
EV030,CH007-CH008,,,1/21/2018 8:21,1/21/2018 8:25,257.461,352.32,17.223,36.5,59.5
EV030,CH007-CH008,,,1/20/2018 18:55,1/20/2018 18:57,240.729,321.84,6.054,91,100
EV030,CH007-CH008,,,1/20/2018 16:59,1/20/2018 17:04,251.469,305.58,19.408,74,100
EV030,CH007-CH008,,,1/20/2018 15:52,1/20/2018 16:00,271.449,327.08,29.584,55.5,94
EV030,CH007-CH008,,,1/20/2018 14:55,1/20/2018 14:59,198.59,312.34,8.896,88,100
EV030,CH007-CH008,,,1/20/2018 13:52,1/20/2018 14:00,253.866,347.44,31.878,54.5,96
EV030,CH007-CH008,,,1/20/2018 13:03,1/20/2018 13:09,224.377,265.12,21.002,71.5,99.5
EV030,CH007-CH008,,,1/20/2018 11:55,1/20/2018 12:00,277,357.66,23.574,57,89.5
EV030,CH007-CH008,,,1/20/2018 10:56,1/20/2018 11:02,323.692,374.3,20.289,73,100
EV030,CH007-CH008,,,1/20/2018 9:55,1/20/2018 10:07,149.351,347.2,27.026,62,100
EV030,CH007-CH008,,,1/20/2018 8:53,1/20/2018 9:05,228.967,316.96,39.397,40.5,93
EV030,CH007-CH008,,,1/19/2018 19:25,1/19/2018 19:30,89.161,141.94,7.395,89,99
EV030,CH007-CH008,,,1/19/2018 18:12,1/19/2018 18:23,5.994,62.82,44.294,38.5,99.5
EV030,CH007-CH008,,,1/19/2018 17:20,1/19/2018 17:20,349.755,353.44,1.256,76.5,78
EV030,CH007-CH008,,,1/19/2018 16:10,1/19/2018 16:16,306.031,355.48,31.996,46,88.5
EV030,CH007-CH008,,,1/19/2018 15:16,1/19/2018 15:17,192.211,320.16,7.308,65,77.5
EV030,CH007-CH008,,,1/19/2018 14:05,1/19/2018 14:13,190.017,308.26,26.719,62.5,100
EV030,CH007-CH008,,,1/19/2018 13:07,1/19/2018 13:12,278.541,313.18,22.711,63.5,96
EV030,CH007-CH008,,,1/19/2018 12:06,1/19/2018 12:10,301.398,369.14,19.94,61.5,89.5
EV030,CH007-CH008,,,1/19/2018 11:05,1/19/2018 11:14,223.618,308.78,26.108,63,100
EV030,CH007-CH008,,,1/19/2018 10:05,1/19/2018 10:14,214.963,227.46,28.465,61,99
EV030,CH007-CH008,,,1/19/2018 9:05,1/19/2018 9:14,319.565,373.38,39.74,46,99
EV030,CH007-CH008,,,1/19/2018 7:15,1/19/2018 7:17,293.004,299.52,8.606,75.5,86
EV030,CH007-CH008,,,1/19/2018 6:11,1/19/2018 6:22,142.743,196.6,16.175,45,88.5
EV030,CH007-CH008,,,1/18/2018 18:40,1/18/2018 18:45,352.35,360.98,16.512,77.5,98.5
EV030,CH007-CH008,,,1/18/2018 17:32,1/18/2018 17:41,235.645,378.02,29.738,58,100
EV030,CH007-CH008,,,1/18/2018 16:32,1/18/2018 16:38,307.216,364.66,25.479,62.5,98.5
EV030,CH007-CH008,,,1/18/2018 15:25,1/18/2018 15:30,310.705,367.4,22.372,59.5,90
EV030,CH007-CH008,,,1/18/2018 14:21,1/18/2018 14:25,254.135,334.18,18.721,66.5,93.5
EV030,CH007-CH008,,,1/18/2018 13:23,1/18/2018 13:25,160.777,326.64,8.454,57.5,71.5
EV030,CH007-CH008,,,1/18/2018 11:25,1/18/2018 11:30,313.185,341.32,17.166,75.5,97
EV030,CH007-CH008,,,1/18/2018 10:24,1/18/2018 10:32,241.664,354.88,34.229,52.5,97.5
EV030,CH007-CH008,,,1/18/2018 9:24,1/18/2018 9:30,139.194,269.08,17.736,55,79
EV030,CH007-CH008,,,1/18/2018 7:30,1/18/2018 7:31,83.158,93,1.256,91,92.5
EV030,CH007-CH008,,,1/18/2018 6:24,1/18/2018 6:30,244.745,339.9,22.788,51.5,82
EV030,CH007-CH008,,,1/16/2018 17:36,1/16/2018 17:42,264.578,357.58,25.406,60.5,96
EV030,CH007-CH008,,,1/16/2018 16:35,1/16/2018 16:35,97.218,104.98,0.606,96,97
EV030,CH007-CH008,,,1/16/2018 15:35,1/16/2018 15:36,159.364,193.7,3.467,90.5,95
EV030,CH007-CH008,,,1/16/2018 13:22,1/16/2018 13:30,284.698,319.86,28.324,59.5,99
EV030,CH007-CH008,,,1/16/2018 12:22,1/16/2018 12:30,289.788,360.8,30.294,57,98
EV030,CH007-CH008,,,1/16/2018 10:22,1/16/2018 10:30,255.421,336,30.873,55,95.5
EV030,CH007-CH008,,,1/16/2018 9:22,1/16/2018 9:30,230.337,315.16,27.765,57,95
EV030,CH007-CH008,,,1/16/2018 8:30,1/16/2018 8:32,80.428,105.4,2.561,92.5,96.5
EV030,CH007-CH008,,,1/16/2018 7:25,1/16/2018 7:30,325.82,371.36,23.458,55.5,86
EV030,CH007-CH008,,,1/16/2018 6:25,1/16/2018 6:30,271.831,313.54,23.214,,79
EV030,CH007-CH008,,,1/13/2018 18:20,1/13/2018 18:27,235.843,364.44,21.413,71.5,100
EV030,CH007-CH008,,,1/13/2018 17:21,1/13/2018 17:25,324.71,369.98,17.268,74,96.5
EV030,CH007-CH008,,,1/13/2018 16:24,1/13/2018 16:30,316.226,358.92,23.244,65,98
EV030,CH007-CH008,,,1/13/2018 15:26,1/13/2018 15:33,262.579,367.36,26.558,58,94.5
EV030,CH007-CH008,,,1/13/2018 11:25,1/13/2018 11:30,165.591,367.16,12.869,82,98.5
EV030,CH007-CH008,,,1/13/2018 10:25,1/13/2018 10:28,307.151,318.44,10.932,85,100
EV030,CH007-CH008,,,1/13/2018 9:24,1/13/2018 9:35,221.636,379.04,32.9,55.5,98.5
EV030,CH007-CH008,,,1/13/2018 8:24,1/13/2018 8:30,189.855,266.04,22.37,49.5,80
EV030,CH007-CH008,,,1/12/2018 19:25,1/12/2018 19:27,78.411,96.2,3.046,,100
EV030,CH007-CH008,,,1/12/2018 16:10,1/12/2018 16:18,316.946,377.62,40.498,42.5,96.5
EV030,CH007-CH008,,,1/12/2018 15:15,1/12/2018 15:19,270.94,346.74,16.177,52,74.5
EV030,CH007-CH008,,,1/12/2018 14:10,1/12/2018 14:13,108.319,129.06,4.442,93,100
EV030,CH007-CH008,,,1/12/2018 13:05,1/12/2018 13:10,297.368,322.6,25.786,52,86.5
EV030,CH007-CH008,,,1/12/2018 11:04,1/12/2018 11:13,283.091,377.6,33.21,55,99
EV030,CH007-CH008,,,1/12/2018 10:05,1/12/2018 10:15,318.2,358.46,36.735,51,100
EV030,CH007-CH008,,,1/12/2018 9:10,1/12/2018 9:15,200.815,206.04,16.799,65.5,89
EV030,CH007-CH008,,,1/12/2018 8:08,1/12/2018 8:10,249.911,317,7.057,38,47.5
EV030,CH007-CH008,,,1/12/2018 6:11,1/12/2018 6:15,154.575,247.12,10.511,45.5,59.5
EV030,CH007-CH008,,,1/11/2018 19:20,1/11/2018 19:30,259.302,296.72,21.617,57,100
EV030,CH007-CH008,,,1/11/2018 18:12,1/11/2018 18:22,306.772,365.24,15.172,52.5,100
EV030,CH007-CH008,,,1/11/2018 17:10,1/11/2018 17:15,319.58,378.28,22.056,60.5,91
EV030,CH007-CH008,,,1/11/2018 16:06,1/11/2018 16:15,303.191,360.48,39.83,46.5,99.5
EV030,CH007-CH008,,,1/11/2018 15:17,1/11/2018 15:20,265.24,297.7,11.97,57.5,75
EV030,CH007-CH008,,,1/11/2018 14:02,1/11/2018 14:10,272.839,327.9,28.953,55,92.5
EV030,CH007-CH008,,,1/11/2018 13:10,1/11/2018 13:14,307.753,318.68,14.828,69.5,88.5
EV030,CH007-CH008,,,1/11/2018 12:08,1/11/2018 12:11,176.73,287.06,7.067,88.5,98.5
EV030,CH007-CH008,,,1/10/2018 19:19,1/10/2018 19:25,190.288,255.52,20.205,54,81.5
EV030,CH007-CH008,,,1/10/2018 18:13,1/10/2018 18:15,249.784,339.84,6.344,42.5,51
EV030,CH007-CH008,,,1/10/2018 17:09,1/10/2018 17:16,227.519,269.76,8.269,42.5,89.5
EV030,CH007-CH008,,,1/10/2018 16:15,1/10/2018 16:17,227.265,255.74,7.572,65.5,77.5
EV030,CH007-CH008,,,1/10/2018 15:14,1/10/2018 15:15,15.072,103.94,0.037,62.5,62.5
EV030,CH007-CH008,,,1/10/2018 13:05,1/10/2018 13:07,184.354,316.02,6.463,90.5,100
EV030,CH007-CH008,,,1/10/2018 12:15,1/10/2018 12:18,71.54,169.68,3.554,94,100
EV030,CH007-CH008,,,1/10/2018 11:15,1/10/2018 11:16,188.571,228.62,2.697,87.5,90.5
EV030,CH007-CH008,,,1/10/2018 10:04,1/10/2018 10:10,245.112,312.14,28.538,33.5,73
EV030,CH007-CH008,,,1/10/2018 9:15,1/10/2018 9:18,227.279,235.16,11.547,61.5,78
EV030,CH007-CH008,,,1/10/2018 8:12,1/10/2018 8:15,236.547,260.74,10.056,48,61
EV030,CH007-CH008,,,1/10/2018 6:15,1/10/2018 6:20,218.04,280.12,18.715,,88
EV030,CH007-CH008,,,1/9/2018 17:48,1/9/2018 17:57,179.757,240.9,26.021,62.5,100
EV030,CH007-CH008,,,1/9/2018 16:43,1/9/2018 16:55,232.507,286.38,37.105,49,99
EV030,CH007-CH008,,,1/9/2018 15:47,1/9/2018 15:50,171.145,271.98,10.229,52.5,66
EV030,CH007-CH008,,,1/9/2018 14:42,1/9/2018 14:45,84.869,247.18,10.447,46.5,60.5
EV030,CH007-CH008,,,1/9/2018 12:45,1/9/2018 12:53,230.551,249.1,27.035,62,98
EV030,CH007-CH008,,,1/9/2018 11:50,1/9/2018 11:53,304.286,347.34,16.933,69,92
EV030,CH007-CH008,,,1/9/2018 10:50,1/9/2018 10:53,251.779,309.3,13.82,55,74.5
EV030,CH007-CH008,,,1/9/2018 9:45,1/9/2018 9:55,189.088,280.62,28.568,56,94
EV030,CH007-CH008,,,1/9/2018 6:46,1/9/2018 6:50,249.757,317.86,14.788,53,73.5
EV030,CH007-CH008,,,1/9/2018 5:58,1/9/2018 6:00,199.3,241,7.621,86.5,97.5
EV030,CH007-CH008,,,1/6/2018 19:09,1/6/2018 19:15,252.633,342.16,2.845,66.5,100
EV030,CH007-CH008,,,1/6/2018 18:25,1/6/2018 18:30,275.777,375.06,21.122,72,100
EV030,CH007-CH008,,,1/6/2018 17:21,1/6/2018 17:25,305.656,368.38,17.426,76,99
EV030,CH007-CH008,,,1/6/2018 16:21,1/6/2018 16:25,318.664,361.5,18.747,64.5,91.5
EV030,CH007-CH008,,,1/6/2018 15:26,1/6/2018 15:30,266.151,358.68,17.948,73,96
EV030,CH007-CH008,,,1/6/2018 14:23,1/6/2018 14:25,297.065,362.34,6.406,73.5,81.5
EV030,CH007-CH008,,,1/6/2018 13:24,1/6/2018 13:25,116.879,314.82,0.65,71.5,72.5
EV030,CH007-CH008,,,1/6/2018 11:25,1/6/2018 11:30,342.506,381.8,17.148,77,99
EV030,CH007-CH008,,,1/6/2018 10:21,1/6/2018 10:25,318.717,370.26,17.252,73.5,95.5
EV030,CH007-CH008,,,1/6/2018 9:21,1/6/2018 9:25,284.125,351.34,18.929,60,86.5
EV030,CH007-CH008,,,1/6/2018 8:30,1/6/2018 8:31,65.872,81.6,1.683,,96
EV030,CH007-CH008,,,1/3/2018 18:40,1/3/2018 18:44,296.057,355.14,11.027,84.5,100
EV030,CH007-CH008,,,1/3/2018 17:33,1/3/2018 17:42,266.605,376.48,28.881,59,100
EV030,CH007-CH008,,,1/3/2018 15:30,1/3/2018 15:33,343.179,359.34,21.372,55.5,84
EV030,CH007-CH008,,,1/3/2018 14:26,1/3/2018 14:30,312.256,364.78,16.979,56,79
EV030,CH007-CH008,,,1/3/2018 13:21,1/3/2018 13:25,295.859,338.82,19.51,53.5,80
EV030,CH007-CH008,,,1/3/2018 12:30,1/3/2018 12:30,182.413,207.84,2.044,86.5,89
EV030,CH007-CH008,,,1/3/2018 11:23,1/3/2018 11:30,288.119,364.18,28.374,56,93.5
EV030,CH007-CH008,,,1/3/2018 10:23,1/3/2018 10:30,308.53,345.64,6.746,54,93
EV030,CH007-CH008,,,1/3/2018 9:30,1/3/2018 9:30,106.141,110.08,0.353,92,92.5
EV030,CH007-CH008,,,1/3/2018 8:25,1/3/2018 8:30,342.069,379.76,18.552,67.5,92.5
EV030,CH007-CH008,,,1/3/2018 7:22,1/3/2018 7:25,296.708,353.8,12.611,52,68.5
EV030,CH007-CH008,,,1/3/2018 6:26,1/3/2018 6:33,289.206,369.08,27.894,52,89
EV030,CH007-CH008,,,1/2/2018 19:20,1/2/2018 19:27,353.648,375.42,25.007,65.5,100
EV030,CH007-CH008,,,1/2/2018 18:14,1/2/2018 18:26,229.596,292.22,27.794,36.5,99.5
EV030,CH007-CH008,,,1/2/2018 17:15,1/2/2018 17:18,241.803,258.96,11.235,58,74
EV030,CH007-CH008,,,1/2/2018 16:15,1/2/2018 16:21,262.302,329.42,27.88,46.5,83.5
EV030,CH007-CH008,,,1/2/2018 15:24,1/2/2018 15:25,191.564,246.52,1.073,65,66.5
EV030,CH007-CH008,,,1/2/2018 14:10,1/2/2018 14:12,112.248,136.26,3.019,95,100
EV030,CH007-CH008,,,1/2/2018 13:02,1/2/2018 13:05,313.408,365.52,12.261,72,87.5
EV030,CH007-CH008,,,1/2/2018 12:10,1/2/2018 12:13,83.534,119.84,3.981,94,100
EV030,CH007-CH008,,,1/2/2018 11:05,1/2/2018 11:10,306.507,357.28,21.358,66,96.5
EV030,CH007-CH008,,,1/2/2018 10:05,1/2/2018 10:15,258.48,312.34,32.638,55.5,98.5
EV030,CH007-CH008,,,1/2/2018 9:05,1/2/2018 9:10,360.763,362.84,15.441,78.5,97.5
EV030,CH007-CH008,,,1/2/2018 8:06,1/2/2018 8:16,324.508,357.64,21.185,42,97.5
EV030,CH007-CH008,,,1/2/2018 7:08,1/2/2018 7:15,294.554,347.32,31.774,43.5,86
EV030,CH007-CH008,,,1/2/2018 6:10,1/2/2018 6:20,228.477,289.76,33.389,41,85.5
EV030,CH007-CH008,,,12/29/2017 18:34,12/29/2017 18:44,,,34.376,54,98.5
EV030,CH007-CH008,,,12/29/2017 17:36,12/29/2017 17:41,,,24.08,56.5,87.5
EV030,CH007-CH008,,,12/29/2017 16:29,12/29/2017 16:34,,,22.908,66.5,98.5
EV030,CH007-CH008,,,12/29/2017 15:21,12/29/2017 15:28,,,32.459,55,96
EV030,CH007-CH008,,,12/29/2017 14:31,12/29/2017 14:36,,,25.334,55.5,86
EV030,CH007-CH008,,,12/29/2017 13:23,12/29/2017 13:30,,,26.476,62.5,99
EV030,CH007-CH008,,,12/29/2017 12:21,12/29/2017 12:30,,,28.733,60,99.5
EV030,CH007-CH008,,,12/29/2017 11:21,12/29/2017 11:29,,,26.642,62,99.5
EV030,CH007-CH008,,,12/29/2017 10:19,12/29/2017 10:29,,,33.168,53.5,97
EV030,CH007-CH008,,,12/29/2017 9:24,12/29/2017 9:30,,,27.173,54.5,90
EV030,CH007-CH008,,,12/29/2017 8:20,12/29/2017 8:29,,,32.679,51.5,94
EV030,CH007-CH008,,,12/29/2017 7:26,12/29/2017 7:33,,,25.783,55,87.5
EV030,CH007-CH008,,,12/29/2017 6:24,12/29/2017 6:34,,,39.709,43,94.5
EV030,CH007-CH008,,,12/28/2017 15:17,12/28/2017 15:21,,,18.865,74,98.5
EV030,CH007-CH008,,,12/28/2017 14:03,12/28/2017 14:13,,,32.592,56,100
EV030,CH007-CH008,,,12/28/2017 13:09,12/28/2017 13:15,,,26.112,59,95.5
EV030,CH007-CH008,,,12/28/2017 12:06,12/28/2017 12:12,,,24.82,64,98.5
EV030,CH007-CH008,,,12/28/2017 11:03,12/28/2017 11:12,,,30.172,57.5,99
EV030,CH007-CH008,,,12/28/2017 10:03,12/28/2017 10:13,,,32.8,55,97.5
EV030,CH007-CH008,,,12/28/2017 9:08,12/28/2017 9:18,,,35.208,51,96.5
EV030,CH007-CH008,,,12/28/2017 8:08,12/28/2017 8:17,,,38.702,44.5,96.5
EV030,CH007-CH008,,,12/28/2017 7:08,12/28/2017 7:17,,,39.646,40,93
EV030,CH007-CH008,,,12/28/2017 6:11,12/28/2017 6:19,,,35.177,37.5,82.5
EV030,CH007-CH008,,,9/30/2017 18:55,9/30/2017 19:01,,,22.391,67,100
EV030,CH007-CH008,,,9/30/2017 17:57,9/30/2017 18:04,,,24.554,64.5,99
EV030,CH007-CH008,,,9/30/2017 16:56,9/30/2017 17:02,,,25.871,62.5,98.5
EV030,CH007-CH008,,,9/30/2017 15:51,9/30/2017 15:59,,,29.116,59,99.5
EV030,CH007-CH008,,,9/30/2017 14:59,9/30/2017 15:07,,,28.799,59.5,99
EV030,CH007-CH008,,,9/30/2017 13:56,9/30/2017 14:06,,,35.539,53,99
EV030,CH007-CH008,,,9/30/2017 12:52,9/30/2017 12:56,,,12.051,83.5,99.5
EV030,CH007-CH008,,,9/29/2017 19:26,9/29/2017 19:34,,,29.956,58,98.5
EV030,CH007-CH008,,,9/29/2017 18:16,9/29/2017 18:25,,,33.991,54,98.5
EV030,CH007-CH008,,,9/29/2017 17:07,9/29/2017 17:15,,,35.252,51,98
EV030,CH007-CH008,,,9/29/2017 16:18,9/29/2017 16:24,,,29.022,54,91.5
EV030,CH007-CH008,,,9/29/2017 15:22,9/29/2017 15:30,,,32.821,55,98
EV030,CH007-CH008,,,9/29/2017 14:05,9/29/2017 14:15,,,33.723,55,99
EV030,CH007-CH008,,,9/29/2017 13:04,9/29/2017 13:10,,,29.656,55.5,93.5
EV030,CH007-CH008,,,9/29/2017 12:04,9/29/2017 12:10,,,27.02,61,98
EV030,CH007-CH008,,,9/29/2017 11:11,9/29/2017 11:20,,,31.328,57,99.5
EV030,CH007-CH008,,,9/29/2017 10:06,9/29/2017 10:14,,,28.608,60,99
EV030,CH007-CH008,,,9/29/2017 9:08,9/29/2017 9:15,,,28.727,60,98.5
EV030,CH007-CH008,,,9/29/2017 8:05,9/29/2017 8:12,,,26.529,62.5,99
EV030,CH007-CH008,,,9/29/2017 7:06,9/29/2017 7:11,,,20.241,73,99.5
EV030,CH007-CH008,,,9/29/2017 6:10,9/29/2017 6:21,,,33.699,55.5,99.5
EV030,CH007-CH008,,,9/26/2017 17:58,9/26/2017 18:07,,,31.893,56,98.5
EV030,CH007-CH008,,,9/26/2017 17:00,9/26/2017 17:09,,,33.518,55,98.5
EV030,CH007-CH008,,,9/26/2017 15:54,9/26/2017 16:03,,,31.526,56,99
EV030,CH007-CH008,,,9/26/2017 14:47,9/26/2017 14:57,,,32.301,56,100
EV030,CH007-CH008,,,9/26/2017 13:47,9/26/2017 13:56,,,30.21,57.5,99
EV030,CH007-CH008,,,9/26/2017 12:50,9/26/2017 12:58,,,30.827,56,97
EV030,CH007-CH008,,,9/26/2017 11:42,9/26/2017 11:47,,,19.32,74,99
EV030,CH007-CH008,,,9/26/2017 10:44,9/26/2017 10:53,,,31.045,57,99
EV030,CH007-CH008,,,9/26/2017 9:46,9/26/2017 9:51,,,24.881,59.5,94
EV030,CH007-CH008,,,9/26/2017 8:44,9/26/2017 8:50,,,24.378,65,99.5
EV030,CH007-CH008,,,9/26/2017 7:42,9/26/2017 7:50,,,28.973,59,98.5
EV030,CH007-CH008,,,9/26/2017 6:46,9/26/2017 6:51,,,24.268,58.5,90
EV030,CH007-CH008,,,9/26/2017 5:53,9/26/2017 5:56,,,9.427,86.5,99
EV030,CH007-CH008,,,9/25/2017 19:18,9/25/2017 19:24,,,24.816,64,98.5
EV030,CH007-CH008,,,9/25/2017 18:14,9/25/2017 18:23,,,33.228,55.5,98.5
EV030,CH007-CH008,,,9/25/2017 17:08,9/25/2017 17:18,,,33.28,55,99
EV030,CH007-CH008,,,9/25/2017 16:17,9/25/2017 16:25,,,34.98,52.5,98.5
EV030,CH007-CH008,,,9/25/2017 15:18,9/25/2017 15:27,,,35.061,53,98.5
EV030,CH007-CH008,,,9/25/2017 14:03,9/25/2017 14:12,,,32.539,56,99
EV030,CH007-CH008,,,9/25/2017 13:05,9/25/2017 13:13,,,29.789,58,99
EV030,CH007-CH008,,,9/25/2017 12:01,9/25/2017 12:10,,,29.786,58,100
EV030,CH007-CH008,,,9/25/2017 11:04,9/25/2017 11:12,,,29.839,58,99
EV030,CH007-CH008,,,9/25/2017 10:00,9/25/2017 10:07,,,27.919,60.5,99
EV030,CH007-CH008,,,9/25/2017 9:08,9/25/2017 9:16,,,29.937,59,99.5
EV030,CH007-CH008,,,9/25/2017 8:07,9/25/2017 8:16,,,31.461,56.5,99
EV030,CH007-CH008,,,9/25/2017 7:08,9/25/2017 7:14,,,22.772,66.5,99
EV030,CH007-CH008,,,9/25/2017 6:09,9/25/2017 6:19,,,31.6,56.5,98.5
EV030,CH007-CH008,,,9/23/2017 19:17,9/23/2017 19:21,,,17.358,76.5,99
EV030,CH007-CH008,,,9/23/2017 17:53,9/23/2017 18:01,,,28.951,59,99
EV030,CH007-CH008,,,9/23/2017 16:53,9/23/2017 16:57,,,15.533,79,99.5
EV030,CH007-CH008,,,9/23/2017 15:56,9/23/2017 16:04,,,28.719,59.5,99
EV030,CH007-CH008,,,9/23/2017 14:57,9/23/2017 15:06,,,30.382,57.5,99
EV030,CH007-CH008,,,9/23/2017 13:53,9/23/2017 14:03,,,35.988,52,99.5
EV030,CH007-CH008,,,9/23/2017 11:25,9/23/2017 11:30,,,19.161,74.5,99
EV030,CH007-CH008,,,9/23/2017 10:26,9/23/2017 10:31,,,20.604,72.5,99.5
EV030,CH007-CH008,,,9/23/2017 9:26,9/23/2017 9:32,,,23.039,66,99
EV030,CH007-CH008,,,9/23/2017 8:20,9/23/2017 8:31,,,29.546,57.5,99
EV030,CH007-CH008,,,9/19/2017 18:31,9/19/2017 18:35,,,21.806,66.5,96
EV030,CH007-CH008,,,9/19/2017 17:32,9/19/2017 17:39,,,27.23,61.5,98.5
EV030,CH007-CH008,,,9/19/2017 16:24,9/19/2017 16:30,,,24.098,64.5,98.5
EV030,CH007-CH008,,,9/19/2017 15:25,9/19/2017 15:32,,,28.603,59,98
EV030,CH007-CH008,,,9/19/2017 14:26,9/19/2017 14:32,,,26.887,59.5,96.5
EV030,CH007-CH008,,,9/19/2017 13:26,9/19/2017 13:33,,,27.33,61,99
EV030,CH007-CH008,,,9/19/2017 12:27,9/19/2017 12:37,,,31.2,56.5,100
EV030,CH007-CH008,,,9/19/2017 11:23,9/19/2017 11:30,,,25.128,63.5,99
EV030,CH007-CH008,,,9/19/2017 10:22,9/19/2017 10:31,,,33.167,55.5,98.5
EV030,CH007-CH008,,,9/19/2017 9:25,9/19/2017 9:31,,,27.281,56,92
EV030,CH007-CH008,,,9/19/2017 8:24,9/19/2017 8:30,,,25.919,57,92.5
EV030,CH007-CH008,,,9/19/2017 7:23,9/19/2017 7:32,,,39.095,47.5,98.5
EV030,CH007-CH008,,,9/19/2017 6:31,9/19/2017 6:34,,,14.933,59,78
EV030,CH007-CH008,,,9/16/2017 15:52,9/16/2017 15:58,,,24.844,64,99
EV030,CH007-CH008,,,9/16/2017 14:54,9/16/2017 14:59,,,16.991,77.5,100
EV030,CH007-CH008,,,9/16/2017 13:55,9/16/2017 14:04,,,30.291,57.5,100
EV030,CH007-CH008,,,9/16/2017 12:56,9/16/2017 13:02,,,29.24,55,92.5
EV030,CH007-CH008,,,9/16/2017 11:55,9/16/2017 11:59,,,14.813,80,99
EV030,CH007-CH008,,,9/16/2017 11:14,9/16/2017 11:21,,,29.332,57.5,96
EV030,CH007-CH008,,,9/16/2017 9:56,9/16/2017 10:04,,,26.986,61.5,99.5
EV030,CH007-CH008,,,9/16/2017 8:52,9/16/2017 9:02,,,36.007,52.5,99
EV030,CH007-CH008,,,9/14/2017 12:55,9/14/2017 13:03,,,12.754,82.5,99.5
EV030,CH007-CH008,,,9/13/2017 19:21,9/13/2017 19:27,,,21.046,71.5,100
EV030,CH007-CH008,,,9/13/2017 18:12,9/13/2017 18:18,,,25.366,63.5,99
EV030,CH007-CH008,,,9/13/2017 17:11,9/13/2017 17:18,,,27.664,60.5,99
EV030,CH007-CH008,,,9/13/2017 16:19,9/13/2017 16:27,,,31.214,56.5,98.5
EV030,CH007-CH008,,,9/13/2017 15:16,9/13/2017 15:24,,,33.203,55.5,98.5
EV030,CH007-CH008,,,9/13/2017 14:04,9/13/2017 14:11,,,26.447,62,99
EV030,CH007-CH008,,,9/13/2017 13:09,9/13/2017 13:16,,,26.6,62.5,99
EV030,CH007-CH008,,,9/13/2017 12:07,9/13/2017 12:16,,,35.103,52.5,99
EV030,CH007-CH008,,,9/13/2017 11:02,9/13/2017 11:07,,,21.945,67.5,99
EV030,CH007-CH008,,,9/13/2017 10:06,9/13/2017 10:15,,,33.667,55,98.5
EV030,CH007-CH008,,,9/13/2017 9:02,9/13/2017 9:10,,,29.048,59,99.5
EV030,CH007-CH008,,,9/13/2017 8:08,9/13/2017 8:18,,,31.393,56.5,100
EV030,CH007-CH008,,,9/13/2017 7:07,9/13/2017 7:13,,,21.672,71,100
EV030,CH007-CH008,,,9/13/2017 6:10,9/13/2017 6:19,,,30.025,58,99.5
EV030,CH007-CH008,,,9/12/2017 14:44,9/12/2017 14:53,,,29.708,57.5,98.5
EV030,CH007-CH008,,,9/12/2017 13:42,9/12/2017 13:51,,,28.487,59.5,99
EV030,CH007-CH008,,,9/12/2017 12:42,9/12/2017 12:51,,,28.63,59,99.5
EV030,CH007-CH008,,,9/12/2017 11:42,9/12/2017 11:50,,,30.184,57.5,98.5
EV030,CH007-CH008,,,9/12/2017 10:43,9/12/2017 10:51,,,33.112,53.5,97
EV030,CH007-CH008,,,9/12/2017 9:45,9/12/2017 9:51,,,27.918,54,95.5
EV030,CH007-CH008,,,9/12/2017 8:52,9/12/2017 8:57,,,23.959,56.5,87
EV030,CH007-CH008,,,9/12/2017 7:40,9/12/2017 7:49,,,36.139,51,99
EV030,CH007-CH008,,,9/12/2017 6:47,9/12/2017 6:50,,,19.297,55,76
EV030,CH007-CH008,,,9/12/2017 5:52,9/12/2017 5:55,,,7.084,89.5,100
EV030,CH007-CH008,,,9/11/2017 19:18,9/11/2017 19:26,,,29.293,59,99
EV030,CH007-CH008,,,9/11/2017 18:11,9/11/2017 18:19,,,28.408,60,99.5
EV030,CH007-CH008,,,9/11/2017 17:10,9/11/2017 17:18,,,34.501,53.5,98.5
EV030,CH007-CH008,,,9/11/2017 16:09,9/11/2017 16:14,,,19.009,74.5,99
EV030,CH007-CH008,,,9/11/2017 15:20,9/11/2017 15:29,,,34.044,54,99
EV030,CH007-CH008,,,9/11/2017 14:02,9/11/2017 14:10,,,30.481,57.5,99.5
EV030,CH007-CH008,,,9/11/2017 13:06,9/11/2017 13:11,,,23.026,66,99
EV030,CH007-CH008,,,9/11/2017 12:04,9/11/2017 12:13,,,34.322,54.5,99
EV030,CH007-CH008,,,9/11/2017 11:07,9/11/2017 11:16,,,29.266,59,100
EV030,CH007-CH008,,,9/11/2017 10:00,9/11/2017 10:09,,,30.493,57.5,99.5
EV030,CH007-CH008,,,9/11/2017 9:03,9/11/2017 9:09,,,24.144,65,100
EV030,CH007-CH008,,,9/11/2017 8:06,9/11/2017 8:16,,,32.527,56,99.5
EV030,CH007-CH008,,,9/11/2017 7:07,9/11/2017 7:13,,,24.176,65,99.5
EV030,CH007-CH008,,,9/11/2017 6:12,9/11/2017 6:20,,,31.726,56.5,99
EV030,CH007-CH008,,,9/8/2017 18:30,9/8/2017 18:34,,,17.729,73.5,95
EV030,CH007-CH008,,,9/8/2017 17:43,9/8/2017 17:49,,,28.85,55,90
EV030,CH007-CH008,,,9/8/2017 16:21,9/8/2017 16:32,,,33.429,55,99
EV030,CH007-CH008,,,9/8/2017 15:22,9/8/2017 15:26,,,15.616,78.5,99
EV030,CH007-CH008,,,9/8/2017 14:38,9/8/2017 14:45,,,28.931,58,97.5
EV030,CH007-CH008,,,9/8/2017 13:36,9/8/2017 13:45,,,29.643,58,100
EV030,CH007-CH008,,,9/8/2017 12:30,9/8/2017 12:39,,,28.77,58.5,99
EV030,CH007-CH008,,,9/8/2017 11:28,9/8/2017 11:36,,,28.644,59.5,98.5
EV030,CH007-CH008,,,9/8/2017 10:26,9/8/2017 10:32,,,26.969,60,95.5
EV030,CH007-CH008,,,9/8/2017 9:27,9/8/2017 9:34,,,25.081,64,99
EV030,CH007-CH008,,,9/8/2017 8:27,9/8/2017 8:34,,,25.541,63.5,99
EV030,CH007-CH008,,,9/8/2017 7:23,9/8/2017 7:31,,,32.541,54,95.5
EV030,CH007-CH008,,,9/8/2017 6:27,9/8/2017 6:31,,,21.719,62,90
EV030,CH007-CH008,,,9/7/2017 17:50,9/7/2017 17:59,,,35.95,50,99
EV030,CH007-CH008,,,9/7/2017 16:54,9/7/2017 16:57,,,13.066,64,83.5
EV030,CH007-CH008,,,9/7/2017 15:53,9/7/2017 16:02,,,34.212,53.5,98.5
EV030,CH007-CH008,,,9/7/2017 14:46,9/7/2017 14:55,,,37.012,48.5,98
EV030,CH007-CH008,,,9/7/2017 13:50,9/7/2017 13:53,,,17.968,56.5,80.5
EV030,CH007-CH008,,,9/7/2017 12:56,9/7/2017 13:02,,,27.78,56,90.5
EV030,CH007-CH008,,,9/7/2017 11:50,9/7/2017 11:59,,,40.848,43.5,97.5
EV030,CH007-CH008,,,9/7/2017 10:55,9/7/2017 10:58,,,18.932,53,75.5
EV030,CH007-CH008,,,9/7/2017 10:46,9/7/2017 10:47,,,6.907,45,49
EV030,CH007-CH008,,,9/7/2017 9:50,9/7/2017 9:52,,,10.055,60,68
EV030,CH007-CH008,,,9/7/2017 8:45,9/7/2017 8:51,,,22.709,67,99
EV030,CH007-CH008,,,9/7/2017 7:45,9/7/2017 7:55,,,31.309,57,99
EV030,CH007-CH008,,,9/7/2017 6:45,9/7/2017 6:50,,,26.852,55,87
EV030,CH007-CH008,,,9/7/2017 5:53,9/7/2017 5:56,,,5.535,92,99.5
EV030,CH007-CH008,,,9/6/2017 18:48,9/6/2017 18:57,,,34.001,54,98.5
EV030,CH007-CH008,,,9/6/2017 18:03,9/6/2017 18:06,,,8.905,87,100
EV030,CH007-CH008,,,9/6/2017 17:07,9/6/2017 17:10,,,9.662,86.5,99
EV030,CH007-CH008,,,9/6/2017 16:42,9/6/2017 16:49,,,24.72,64.5,99
EV030,CH007-CH008,,,9/6/2017 6:44,9/6/2017 6:53,,,30.214,58,99
EV030,CH007-CH008,,,9/6/2017 5:50,9/6/2017 5:54,,,8.548,87.5,100
EV030,CH007-CH008,,,9/5/2017 19:18,9/5/2017 19:27,,,35.186,52,98.5
EV030,CH007-CH008,,,9/5/2017 18:14,9/5/2017 18:23,,,35.075,52.5,98.5
EV030,CH007-CH008,,,9/5/2017 17:09,9/5/2017 17:17,,,35.178,52,98.5
EV030,CH007-CH008,,,9/5/2017 16:13,9/5/2017 16:22,,,35.498,51.5,98.5
EV030,CH007-CH008,,,9/5/2017 15:15,9/5/2017 15:25,,,35.323,52,99
EV030,CH007-CH008,,,9/5/2017 14:03,9/5/2017 14:12,,,33.522,55,98.5
EV030,CH007-CH008,,,9/5/2017 13:05,9/5/2017 13:14,,,33.141,55.5,99
EV030,CH007-CH008,,,9/5/2017 12:04,9/5/2017 12:14,,,33.358,55.5,99
EV030,CH007-CH008,,,9/5/2017 11:01,9/5/2017 11:10,,,33.222,55,98.5
EV030,CH007-CH008,,,9/5/2017 10:04,9/5/2017 10:14,,,33.382,55.5,99
EV030,CH007-CH008,,,9/5/2017 9:03,9/5/2017 9:13,,,33.098,55.5,100
EV030,CH007-CH008,,,9/5/2017 8:09,9/5/2017 8:19,,,32.556,56,99.5
EV030,CH007-CH008,,,9/5/2017 7:07,9/5/2017 7:17,,,33.766,55,99
EV030,CH007-CH008,,,9/5/2017 6:09,9/5/2017 6:15,,,22.107,68,99
EV030,CH007-CH008,,,9/3/2017 19:00,9/3/2017 20:12,,,30.68,56,100
EV030,CH007-CH008,,,9/1/2017 19:18,9/1/2017 19:27,,,34.662,53.5,99.5
EV030,CH007-CH008,,,9/1/2017 18:15,9/1/2017 18:24,,,35.52,52,99.5
EV030,CH007-CH008,,,9/1/2017 17:06,9/1/2017 17:15,,,34.359,54,99
EV030,CH007-CH008,,,9/1/2017 16:09,9/1/2017 16:18,,,34.509,54,99
EV030,CH007-CH008,,,9/1/2017 15:14,9/1/2017 15:24,,,36.054,51.5,100
EV030,CH007-CH008,,,9/1/2017 14:05,9/1/2017 14:13,,,35.113,52.5,99
EV030,CH007-CH008,,,9/1/2017 13:03,9/1/2017 13:12,,,32.868,55.5,99.5
EV030,CH007-CH008,,,9/1/2017 12:01,9/1/2017 12:10,,,31.119,56.5,100
EV030,CH007-CH008,,,9/1/2017 11:04,9/1/2017 11:13,,,32.316,56,99.5
EV030,CH007-CH008,,,9/1/2017 10:03,9/1/2017 10:12,,,30.549,57.5,99.5
EV030,CH007-CH008,,,9/1/2017 9:04,9/1/2017 9:12,,,30.137,58,100
EV030,CH007-CH008,,,9/1/2017 8:08,9/1/2017 8:16,,,28.904,60,100
EV030,CH007-CH008,,,9/1/2017 7:07,9/1/2017 7:16,,,30.328,57.5,99.5
EV030,CH007-CH008,,,9/1/2017 6:12,9/1/2017 6:20,,,28.901,59.5,99.5
