Vehicle ID,Charger ID,Local Connect Time,Local Disconnect Time,Local Charge Start Time,Local Charge End Time,Average Power,Max Power,Total Energy Delivered,Starting SOC,Ending SOC
EV032,CH007-CH008,,,8/13/2018 17:51,8/13/2018 18:00,337.797,359.58,33.94,54,100
EV032,CH007-CH008,,,8/13/2018 16:47,8/13/2018 16:55,24.101,132.1,33.551,53.5,99
EV032,CH007-CH008,,,8/13/2018 15:48,8/13/2018 15:56,346.784,372.34,32.824,54,98.5
EV032,CH007-CH008,,,8/13/2018 14:46,8/13/2018 14:52,195.148,339.36,29.633,55.5,94.5
EV032,CH007-CH008,,,8/13/2018 13:46,8/13/2018 13:54,302.232,358.74,29.293,59.5,100
EV032,CH007-CH008,,,8/13/2018 12:44,8/13/2018 12:53,260.141,291.54,32.207,55.5,98.5
EV032,CH007-CH008,,,8/13/2018 11:47,8/13/2018 11:54,283.41,352.58,31.617,55.5,96.5
EV032,CH007-CH008,,,8/13/2018 10:45,8/13/2018 10:52,248.606,376.38,29.322,56.5,95.5
EV032,CH007-CH008,,,8/13/2018 9:44,8/13/2018 9:51,298.542,376.36,29.128,57,96.5
EV032,CH007-CH008,,,8/13/2018 8:48,8/13/2018 8:53,278.58,345.22,24.296,62,96
EV032,CH007-CH008,,,8/13/2018 7:44,8/13/2018 7:53,288.205,374.38,33.081,54,99
EV032,CH007-CH008,,,8/13/2018 6:48,8/13/2018 6:52,335.88,373.58,21.555,58,87.5
EV032,CH007-CH008,,,8/13/2018 5:55,8/13/2018 5:58,254.793,366.26,12.8,81.5,98.5
EV032,CH007-CH008,,,8/11/2018 18:56,8/11/2018 19:05,253.86,345.44,31.833,56,99.5
EV032,CH007-CH008,,,8/11/2018 18:16,8/11/2018 18:22,246.668,291.6,26.698,57.5,93.5
EV032,CH007-CH008,,,8/11/2018 17:11,8/11/2018 17:21,271.272,332.94,32.888,55.5,99
EV032,CH007-CH008,,,8/11/2018 16:06,8/11/2018 16:13,260.461,372.06,30.596,57.5,100
EV032,CH007-CH008,,,8/11/2018 15:06,8/11/2018 15:15,245.558,281.32,30.889,57,99
EV032,CH007-CH008,,,8/11/2018 14:06,8/11/2018 14:16,228.284,292.54,33.306,55.5,100
EV032,CH007-CH008,,,8/11/2018 12:58,8/11/2018 13:09,83.97,231.8,34.67,52.5,98.5
EV032,CH007-CH008,,,8/11/2018 11:59,8/11/2018 12:08,337.531,357.38,39.892,44.5,97.5
EV032,CH007-CH008,,,8/11/2018 11:00,8/11/2018 11:08,278.309,346.24,35.659,40,88
EV032,CH007-CH008,,,8/11/2018 10:04,8/11/2018 10:10,248.058,319.3,25.76,48.5,85
EV032,CH007-CH008,,,8/11/2018 8:55,8/11/2018 9:04,306.582,368.02,40.256,44,98
EV032,CH007-CH008,,,8/10/2018 17:49,8/10/2018 17:57,243.794,309.94,33.317,50,95
EV032,CH007-CH008,,,8/10/2018 16:46,8/10/2018 16:55,310.024,360.02,36.701,47,96.5
EV032,CH007-CH008,,,8/10/2018 15:46,8/10/2018 15:52,314.322,360.36,31.125,48.5,90.5
EV032,CH007-CH008,,,8/10/2018 14:48,8/10/2018 14:54,278.09,363.3,25.889,53.5,88
EV032,CH007-CH008,,,8/10/2018 13:45,8/10/2018 13:53,306.509,354.7,32.986,54.5,97.5
EV032,CH007-CH008,,,8/10/2018 12:42,8/10/2018 12:52,245.637,358.26,34.835,52.5,98.5
EV032,CH007-CH008,,,8/10/2018 11:43,8/10/2018 11:51,242.418,361.24,33.906,50.5,96
EV032,CH007-CH008,,,8/10/2018 10:44,8/10/2018 10:52,338.291,363.72,38.411,44.5,96
EV032,CH007-CH008,,,8/10/2018 9:49,8/10/2018 9:53,94.664,204.1,14.654,56.5,77
EV032,CH007-CH008,,,8/10/2018 8:44,8/10/2018 8:50,272.039,374.74,21.383,71.5,100
EV032,CH007-CH008,,,8/10/2018 7:48,8/10/2018 7:57,241.383,377.82,32.901,55,97.5
EV032,CH007-CH008,,,8/10/2018 6:48,8/10/2018 6:52,262.159,296.76,20.377,59.5,88
EV032,CH007-CH008,,,8/10/2018 5:53,8/10/2018 5:55,73.093,277.1,7.73,88.5,100
EV032,CH007-CH008,,,8/8/2018 18:36,8/8/2018 18:45,311.397,355.68,33.158,55,100
EV032,CH007-CH008,,,8/8/2018 17:37,8/8/2018 17:42,304.084,370.84,27.202,57.5,94.5
EV032,CH007-CH008,,,8/8/2018 16:25,8/8/2018 16:38,130.608,338.92,29.258,59,100
EV032,CH007-CH008,,,8/8/2018 15:25,8/8/2018 15:33,279.032,329.42,29.832,56,96
EV032,CH007-CH008,,,8/8/2018 14:25,8/8/2018 14:34,207.751,242.42,32.696,54,97
EV032,CH007-CH008,,,8/8/2018 13:28,8/8/2018 13:35,290.739,366.32,28.657,56,94
EV032,CH007-CH008,,,8/8/2018 12:26,8/8/2018 12:33,313.056,365.12,30.437,55.5,96
EV032,CH007-CH008,,,8/8/2018 11:29,8/8/2018 11:36,216.68,285.54,29.391,55.5,94.5
EV032,CH007-CH008,,,8/8/2018 10:26,8/8/2018 10:32,233.957,365.56,22.828,66.5,100
EV032,CH007-CH008,,,8/8/2018 9:26,8/8/2018 9:34,315.008,379.58,27.4,60.5,100
EV032,CH007-CH008,,,8/8/2018 8:25,8/8/2018 8:31,283.861,365.16,22.846,66.5,100
EV032,CH007-CH008,,,8/8/2018 7:25,8/8/2018 7:31,325.837,372.7,23.26,66,100
EV032,CH007-CH008,,,8/8/2018 6:28,8/8/2018 6:36,284.227,371.42,33.885,52.5,98.5
EV032,CH007-CH008,,,8/6/2018 17:35,8/6/2018 17:38,274.582,348.62,11.938,83.5,100
EV032,CH007-CH008,,,8/6/2018 16:52,8/6/2018 17:01,230.038,363.3,33.703,53.5,98
EV032,CH007-CH008,,,8/6/2018 15:32,8/6/2018 15:40,299.426,361.98,28.132,60.5,100
EV032,CH007-CH008,,,8/6/2018 14:28,8/6/2018 14:37,297.771,367.16,33.863,53,99
EV032,CH007-CH008,,,8/6/2018 13:28,8/6/2018 13:35,234.51,363.78,22.345,67,99.5
EV032,CH007-CH008,,,8/6/2018 12:29,8/6/2018 12:37,2.492,75.64,29.151,58.5,100
EV032,CH007-CH008,,,8/6/2018 11:30,8/6/2018 11:37,309.222,373.34,28.767,59,98.5
EV032,CH007-CH008,,,8/6/2018 10:25,8/6/2018 10:33,249.402,281.36,30.596,54.5,94
EV032,CH007-CH008,,,8/6/2018 9:35,8/6/2018 9:40,279.052,362.2,21.23,59.5,89.5
EV032,CH007-CH008,,,8/6/2018 8:24,8/6/2018 8:29,266.263,365.62,18.766,75,100
EV032,CH007-CH008,,,8/6/2018 7:26,8/6/2018 7:34,326.96,366.78,33.234,54.5,99.5
EV032,CH007-CH008,,,8/6/2018 6:31,8/6/2018 6:36,313.499,360.32,30.439,49.5,90
EV032,CH007-CH008,,,8/1/2018 17:48,8/1/2018 17:57,287.417,333.72,32.485,56,100
EV032,CH007-CH008,,,8/1/2018 16:45,8/1/2018 16:55,258.309,318.78,31.445,56,100
EV032,CH007-CH008,,,8/1/2018 15:44,8/1/2018 15:53,262.74,373.14,33.246,55,100
EV032,CH007-CH008,,,8/1/2018 14:47,8/1/2018 14:55,283.304,325.9,29.533,58,100
EV032,CH007-CH008,,,8/1/2018 13:44,8/1/2018 13:53,269.728,372.48,32.909,55,100
EV032,CH007-CH008,,,8/1/2018 12:48,8/1/2018 12:57,292.328,373.44,33.606,54,100
EV032,CH007-CH008,,,8/1/2018 11:43,8/1/2018 11:52,292.509,355.24,30.924,56,97.5
EV032,CH007-CH008,,,8/1/2018 10:43,8/1/2018 10:50,256.521,302.72,26.27,62.5,100
EV032,CH007-CH008,,,8/1/2018 9:44,8/1/2018 9:51,203.89,251.16,28.647,56,94
EV032,CH007-CH008,,,8/1/2018 8:49,8/1/2018 8:54,286.939,357.24,22.673,62.5,95
EV032,CH007-CH008,,,8/1/2018 7:42,8/1/2018 7:51,226.94,312.58,32.789,53.5,98.5
EV032,CH007-CH008,,,8/1/2018 6:50,8/1/2018 6:53,254.305,350.74,16.578,57.5,81
EV032,CH007-CH008,,,8/1/2018 5:50,8/1/2018 5:54,155.05,299.32,10.875,85,100
EV032,CH007-CH008,,,7/31/2018 18:35,7/31/2018 18:44,297.711,339.92,32.257,55.5,100
EV032,CH007-CH008,,,7/31/2018 17:35,7/31/2018 17:45,198.345,368.34,31.428,56.5,99.5
EV032,CH007-CH008,,,7/31/2018 16:28,7/31/2018 16:37,263.143,302.08,32.083,55.5,98.5
EV032,CH007-CH008,,,7/31/2018 15:25,7/31/2018 15:33,244.73,370.2,29.902,57,98
EV032,CH007-CH008,,,7/31/2018 14:25,7/31/2018 14:31,190.159,229.66,26.195,57.5,93.5
EV032,CH007-CH008,,,7/31/2018 13:30,7/31/2018 13:37,307.702,374.18,30.65,53,93
EV032,CH007-CH008,,,7/31/2018 12:29,7/31/2018 12:36,202.623,277.72,25.908,56,90.5
EV032,CH007-CH008,,,7/31/2018 11:31,7/31/2018 11:38,141.747,342.72,28.034,59,97.5
EV032,CH007-CH008,,,7/31/2018 10:27,7/31/2018 10:36,283.966,370.92,30.337,57,100
EV032,CH007-CH008,,,7/31/2018 9:36,7/31/2018 9:43,248.094,342.2,25.669,64,100
EV032,CH007-CH008,,,7/31/2018 8:25,7/31/2018 8:32,301.869,332.88,27.57,61,100
EV032,CH007-CH008,,,7/31/2018 7:27,7/31/2018 7:32,287.109,365.54,21.181,72,100
EV032,CH007-CH008,,,7/31/2018 6:30,7/31/2018 6:38,287.941,379.7,32.571,54,98.5
EV032,CH007-CH008,,,7/28/2018 18:42,7/28/2018 18:51,233.795,359.46,30.174,57.5,98.5
EV032,CH007-CH008,,,7/28/2018 17:43,7/28/2018 17:50,283.041,366.5,29.125,55.5,94.5
EV032,CH007-CH008,,,7/28/2018 16:40,7/28/2018 16:48,261.513,366.34,31.987,54.5,96
EV032,CH007-CH008,,,7/28/2018 15:37,7/28/2018 15:44,253.956,366.38,23.711,65,99.5
EV032,CH007-CH008,,,7/28/2018 14:38,7/28/2018 14:46,266.388,369.54,31.165,55.5,97
EV032,CH007-CH008,,,7/28/2018 13:34,7/28/2018 13:40,179.161,279.18,21.788,67.5,99.5
EV032,CH007-CH008,,,7/28/2018 12:30,7/28/2018 12:39,335.736,364.18,32.655,55.5,100
EV032,CH007-CH008,,,7/28/2018 11:35,7/28/2018 11:39,285.539,355.54,22.317,57.5,88
EV032,CH007-CH008,,,7/28/2018 10:32,7/28/2018 10:38,223.159,261.68,19.438,74,100
EV032,CH007-CH008,,,7/28/2018 9:33,7/28/2018 9:38,278.258,360.8,17.213,77,100
EV032,CH007-CH008,,,7/28/2018 8:24,7/28/2018 8:32,273.81,369.76,28.89,59.5,100
EV032,CH007-CH008,,,7/27/2018 18:36,7/27/2018 18:46,275.09,304.98,34.183,53,100
EV032,CH007-CH008,,,7/27/2018 17:36,7/27/2018 17:41,325.874,367.88,28.354,55,92
EV032,CH007-CH008,,,7/27/2018 16:24,7/27/2018 16:33,230.218,366.28,33.869,53.5,98.5
EV032,CH007-CH008,,,7/27/2018 15:21,7/27/2018 15:27,228.537,337.56,23.04,66,99.5
EV032,CH007-CH008,,,7/27/2018 14:27,7/27/2018 14:36,292.246,367.38,32.38,55.5,99
EV032,CH007-CH008,,,7/27/2018 13:23,7/27/2018 13:32,263.391,299.28,33.482,53.5,98
EV032,CH007-CH008,,,7/27/2018 12:27,7/27/2018 12:33,274.403,360.54,25.611,56,89
EV032,CH007-CH008,,,7/27/2018 11:26,7/27/2018 11:34,264.882,343.08,32.323,55,97.5
EV032,CH007-CH008,,,7/27/2018 10:28,7/27/2018 10:36,309.171,362.82,32.166,55.5,99
EV032,CH007-CH008,,,7/27/2018 9:26,7/27/2018 9:31,230.904,326.1,21.171,72,100
EV032,CH007-CH008,,,7/27/2018 8:25,7/27/2018 8:33,302.936,364.18,30.338,57.5,100
EV032,CH007-CH008,,,7/27/2018 7:27,7/27/2018 7:32,209.594,350.6,23.322,66.5,100
EV032,CH007-CH008,,,7/27/2018 6:28,7/27/2018 6:38,187.723,290.5,32.614,55,97.5
EV032,CH007-CH008,,,7/25/2018 18:35,7/25/2018 18:41,309.883,360.4,25.743,62.5,99
EV032,CH007-CH008,,,7/25/2018 17:36,7/25/2018 17:43,293.265,364.34,29.029,58.5,98.5
EV032,CH007-CH008,,,7/25/2018 16:26,7/25/2018 16:34,298.483,352.26,28.427,60,99.5
EV032,CH007-CH008,,,7/25/2018 15:24,7/25/2018 15:32,286.016,368.36,31.074,56.5,97.5
EV032,CH007-CH008,,,7/25/2018 14:23,7/25/2018 14:31,325.103,372.2,32.316,55.5,97.5
EV032,CH007-CH008,,,7/25/2018 13:22,7/25/2018 13:30,283.388,346.82,31.721,54,95.5
EV032,CH007-CH008,,,7/25/2018 12:26,7/25/2018 12:31,305.582,360.74,27.252,55.5,91
EV032,CH007-CH008,,,7/25/2018 11:27,7/25/2018 11:34,258.677,319.02,27.266,56.5,93.5
EV032,CH007-CH008,,,7/25/2018 10:25,7/25/2018 10:31,314.929,362.46,24.973,64,100
EV032,CH007-CH008,,,7/25/2018 9:24,7/25/2018 9:33,255.639,354.76,29.906,58.5,100
EV032,CH007-CH008,,,7/25/2018 8:22,7/25/2018 8:28,201.42,231.02,20.878,72,100
EV032,CH007-CH008,,,7/25/2018 7:24,7/25/2018 7:29,241.671,327.76,19.116,74.5,100
EV032,CH007-CH008,,,7/25/2018 6:28,7/25/2018 6:35,240.033,315.04,28.508,58.5,97.5
EV032,CH007-CH008,,,7/24/2018 20:50,7/24/2018 22:54,38.312,41,38.526,43,96
EV032,CH007-CH008,,,7/24/2018 17:28,7/24/2018 17:38,228.456,292.36,33.611,54.5,99
EV032,CH007-CH008,,,7/24/2018 16:26,7/24/2018 16:33,314.038,364.44,33.956,50.5,97.5
EV032,CH007-CH008,,,7/24/2018 15:28,7/24/2018 15:33,250.714,302.46,25.596,52,87
EV032,CH007-CH008,,,7/24/2018 14:26,7/24/2018 14:31,322.857,365.74,27.447,52.5,88.5
EV032,CH007-CH008,,,7/24/2018 13:28,7/24/2018 13:32,250.55,363.36,19.539,60.5,88
EV032,CH007-CH008,,,7/24/2018 12:26,7/24/2018 12:34,335.28,371.66,27.422,61.5,100
EV032,CH007-CH008,,,7/24/2018 11:26,7/24/2018 11:34,221.599,264.54,28.208,59.5,98
EV032,CH007-CH008,,,7/24/2018 10:25,7/24/2018 10:32,280.021,317.22,25.107,64,100
EV032,CH007-CH008,,,7/24/2018 9:27,7/24/2018 9:34,226.564,304.8,23.728,65.5,99
EV032,CH007-CH008,,,7/24/2018 9:27,7/24/2018 9:34,224.959,304.8,23.722,65.5,99
EV032,CH007-CH008,,,7/24/2018 8:27,7/24/2018 8:33,214.63,294.2,23.017,66,100
EV032,CH007-CH008,,,7/24/2018 7:24,7/24/2018 7:29,278.579,373.8,18.864,75,100
EV032,CH007-CH008,,,7/24/2018 6:28,7/24/2018 6:36,234.509,378.66,31.759,56,97.5
EV032,CH007-CH008,,,7/23/2018 18:30,7/23/2018 18:35,260.546,286.44,22.935,60,92.5
EV032,CH007-CH008,,,7/23/2018 17:31,7/23/2018 17:40,289.868,326.06,32.601,55.5,99
EV032,CH007-CH008,,,7/23/2018 16:22,7/23/2018 16:30,225.028,369.32,27.828,60.5,100
EV032,CH007-CH008,,,7/23/2018 15:24,7/23/2018 15:32,300.038,353.84,30.055,58,100
EV032,CH007-CH008,,,7/23/2018 14:25,7/23/2018 14:33,275.852,348.14,32.324,56,100
EV032,CH007-CH008,,,7/23/2018 13:24,7/23/2018 13:31,338.409,363.1,33.223,52.5,98
EV032,CH007-CH008,,,7/23/2018 12:34,7/23/2018 12:38,259.74,345.82,23.027,56,86.5
EV032,CH007-CH008,,,7/23/2018 11:32,7/23/2018 11:38,326.078,359.62,26.346,60,96.5
EV032,CH007-CH008,,,7/23/2018 10:28,7/23/2018 10:37,268.765,372.06,31.248,56.5,100
EV032,CH007-CH008,,,7/23/2018 9:25,7/23/2018 9:31,105.442,261.38,23.754,65.5,100
EV032,CH007-CH008,,,7/23/2018 9:25,7/23/2018 9:31,277.562,341.78,23.739,65.5,100
EV032,CH007-CH008,,,7/23/2018 8:28,7/23/2018 8:36,260.227,301.36,27.426,61,100
EV032,CH007-CH008,,,7/23/2018 7:24,7/23/2018 7:29,333.585,374.96,18.628,75,100
EV032,CH007-CH008,,,7/23/2018 6:26,7/23/2018 6:34,259.94,380.24,28.786,60,100
EV032,CH007-CH008,,,7/22/2018 18:59,7/22/2018 19:05,282.696,337.58,23.706,65,99
EV032,CH007-CH008,,,7/22/2018 18:15,7/22/2018 18:22,305.645,366.5,30.224,57,98
EV032,CH007-CH008,,,7/22/2018 17:10,7/22/2018 17:18,313.893,357.78,27.429,61,99.5
EV032,CH007-CH008,,,7/22/2018 16:14,7/22/2018 16:21,295.595,354.12,29.67,57.5,98.5
EV032,CH007-CH008,,,7/22/2018 15:10,7/22/2018 15:19,236.87,369.16,29.533,58.5,99.5
EV032,CH007-CH008,,,7/22/2018 14:07,7/22/2018 14:14,252.491,280.74,26.186,62,98.5
EV032,CH007-CH008,,,7/22/2018 13:11,7/22/2018 13:18,284.352,329.44,26.87,61,98.5
EV032,CH007-CH008,,,7/22/2018 12:01,7/22/2018 12:10,234.822,318.18,30.631,57.5,100
EV032,CH007-CH008,,,7/22/2018 11:01,7/22/2018 11:08,269.718,332.88,28.027,61,100
EV032,CH007-CH008,,,7/22/2018 9:59,7/22/2018 10:07,221.704,362.66,29.096,59.5,99
EV032,CH007-CH008,,,7/22/2018 8:55,7/22/2018 9:04,301.932,358.68,33.921,53,99
EV032,CH007-CH008,,,7/20/2018 19:20,7/20/2018 19:28,252.708,337.84,28.832,59.5,99.5
EV032,CH007-CH008,,,7/20/2018 18:14,7/20/2018 18:25,228.049,251.42,34.005,52,99
EV032,CH007-CH008,,,7/20/2018 17:08,7/20/2018 17:17,196.624,327.86,48.016,32.5,96.5
EV032,CH007-CH008,,,7/20/2018 16:16,7/20/2018 16:21,278.446,336,29.838,37.5,79
EV032,CH007-CH008,,,7/20/2018 15:18,7/20/2018 15:21,276.154,344.5,17.311,52.5,76.5
EV032,CH007-CH008,,,7/20/2018 14:09,7/20/2018 14:16,274.353,366.44,33.284,52,96
EV032,CH007-CH008,,,7/20/2018 13:06,7/20/2018 13:11,180.003,275.44,25.601,56.5,91.5
EV032,CH007-CH008,,,7/20/2018 12:04,7/20/2018 12:12,236.75,368.54,32.083,55,97
EV032,CH007-CH008,,,7/20/2018 11:08,7/20/2018 11:16,306.877,369.9,34.205,52,98.5
EV032,CH007-CH008,,,7/20/2018 10:02,7/20/2018 10:08,284.698,338.36,21.323,71.5,100
EV032,CH007-CH008,,,7/20/2018 9:04,7/20/2018 9:13,257.094,349.24,33.644,53.5,98
EV032,CH007-CH008,,,7/20/2018 8:09,7/20/2018 8:13,320.779,364.86,21.395,62.5,92.5
EV032,CH007-CH008,,,7/20/2018 7:09,7/20/2018 7:15,255.787,323.84,25.319,64,99
EV032,CH007-CH008,,,7/20/2018 6:12,7/20/2018 6:18,309.709,373.44,30.139,54.5,94
EV032,CH007-CH008,,,7/17/2018 17:49,7/17/2018 17:56,302.189,357.6,32.253,54.5,96.5
EV032,CH007-CH008,,,7/17/2018 16:45,7/17/2018 16:54,258.317,345.3,33.866,53,98
EV032,CH007-CH008,,,7/17/2018 15:44,7/17/2018 15:51,70.859,203.06,29.508,55,93.5
EV032,CH007-CH008,,,7/17/2018 14:45,7/17/2018 14:52,189.942,290.72,34.073,51,96.5
EV032,CH007-CH008,,,7/17/2018 13:45,7/17/2018 13:54,208.737,245.36,32.361,50,94
EV032,CH007-CH008,,,7/17/2018 12:46,7/17/2018 12:52,269.579,348.96,27.357,56.5,93.5
EV032,CH007-CH008,,,7/17/2018 11:47,7/17/2018 11:53,237.847,350.02,24.366,63,97.5
EV032,CH007-CH008,,,7/17/2018 10:48,7/17/2018 10:56,329.127,371.4,26.802,62.5,100
EV032,CH007-CH008,,,7/17/2018 9:44,7/17/2018 9:50,208.031,324.2,22.08,67.5,100
EV032,CH007-CH008,,,7/17/2018 8:47,7/17/2018 8:53,276.898,322.12,22.042,68,100
EV032,CH007-CH008,,,7/17/2018 7:46,7/17/2018 7:51,303.804,361.56,19.661,74,100
EV032,CH007-CH008,,,7/17/2018 6:47,7/17/2018 6:55,251.16,294.5,27.294,62,100
EV032,CH007-CH008,,,7/17/2018 5:55,7/17/2018 5:58,229.487,361.1,12.193,83,100
EV032,CH007-CH008,,,7/13/2018 17:49,7/13/2018 17:58,296.455,352.82,33.056,55,98
EV032,CH007-CH008,,,7/13/2018 16:46,7/13/2018 16:55,342.032,370.68,37.672,47,98.5
EV032,CH007-CH008,,,7/13/2018 15:52,7/13/2018 15:56,321.897,354.48,24.584,51,85.5
EV032,CH007-CH008,,,7/13/2018 14:46,7/13/2018 14:51,316.978,356.62,27.946,50.5,87.5
EV032,CH007-CH008,,,7/13/2018 13:46,7/13/2018 13:52,287.773,349.26,31.945,49,91.5
EV032,CH007-CH008,,,7/13/2018 12:46,7/13/2018 12:52,260.879,358.08,21.403,71.5,100
EV032,CH007-CH008,,,7/13/2018 11:48,7/13/2018 11:57,288.369,346.24,30.224,57.5,99.5
EV032,CH007-CH008,,,7/13/2018 10:46,7/13/2018 10:51,261.733,367.46,21.391,72,100
EV032,CH007-CH008,,,7/13/2018 9:51,7/13/2018 9:58,278.168,371.4,26.488,62.5,100
EV032,CH007-CH008,,,7/13/2018 8:50,7/13/2018 8:55,237.893,372.08,21.233,72,100
EV032,CH007-CH008,,,7/13/2018 7:47,7/13/2018 7:53,234.728,373.46,25.135,64.5,100
EV032,CH007-CH008,,,7/13/2018 6:47,7/13/2018 6:52,153.133,340.88,22.309,66.5,98
EV032,CH007-CH008,,,7/13/2018 5:51,7/13/2018 5:56,134.576,327.34,16.176,78.5,100
EV032,CH007-CH008,,,7/12/2018 18:32,7/12/2018 18:39,220.694,239.52,22.882,56.5,87.5
EV032,CH007-CH008,,,7/12/2018 17:29,7/12/2018 17:38,300.365,354,31.198,56.5,99
EV032,CH007-CH008,,,7/12/2018 16:22,7/12/2018 16:31,314.868,365.76,30.199,57.5,99.5
EV032,CH007-CH008,,,7/12/2018 15:27,7/12/2018 15:34,283.105,350.96,30.462,56.5,97.5
EV032,CH007-CH008,,,7/12/2018 14:24,7/12/2018 14:33,286.512,339.2,30.331,57,99
EV032,CH007-CH008,,,7/12/2018 13:24,7/12/2018 13:31,289.554,369.24,26.54,62.5,100
EV032,CH007-CH008,,,7/12/2018 12:27,7/12/2018 12:35,232.636,305.76,33.645,53,97.5
EV032,CH007-CH008,,,7/12/2018 11:27,7/12/2018 11:33,256.025,355.24,27.695,57.5,95.5
EV032,CH007-CH008,,,7/12/2018 10:32,7/12/2018 10:39,219.418,317.04,24.871,64.5,100
EV032,CH007-CH008,,,7/12/2018 9:28,7/12/2018 9:33,274.45,322.64,19.09,74.5,100
EV032,CH007-CH008,,,7/12/2018 8:26,7/12/2018 8:34,308.148,373.92,30.375,58,100
EV032,CH007-CH008,,,7/12/2018 7:24,7/12/2018 7:29,263.62,375,22.105,68,100
EV032,CH007-CH008,,,7/12/2018 6:26,7/12/2018 6:34,290.449,358.5,32.868,55,99.5
EV032,CH007-CH008,,,7/9/2018 18:36,7/9/2018 18:44,207.121,349.82,28.043,60.5,100
EV032,CH007-CH008,,,7/9/2018 17:41,7/9/2018 17:50,304.309,356.96,33.906,53.5,98
EV032,CH007-CH008,,,7/9/2018 16:32,7/9/2018 16:40,277.272,334.3,32.825,52.5,96
EV032,CH007-CH008,,,7/9/2018 15:29,7/9/2018 15:36,294.07,376.1,31.708,55,96.5
EV032,CH007-CH008,,,7/9/2018 14:26,7/9/2018 14:31,275.29,341.42,26.623,58.5,95.5
EV032,CH007-CH008,,,7/9/2018 13:25,7/9/2018 13:32,46.732,174.52,27.387,61,100
EV032,CH007-CH008,,,7/9/2018 12:25,7/9/2018 12:33,238.982,326.24,29.299,58.5,100
EV032,CH007-CH008,,,7/9/2018 11:27,7/9/2018 11:33,330.992,369.32,25.395,63.5,100
EV032,CH007-CH008,,,7/9/2018 10:26,7/9/2018 10:35,275.475,351.02,31.994,56,100
EV032,CH007-CH008,,,7/9/2018 9:24,7/9/2018 9:29,303.83,362.44,20.643,72.5,100
EV032,CH007-CH008,,,7/9/2018 8:23,7/9/2018 8:29,234.609,360.7,20.856,72.5,100
EV032,CH007-CH008,,,7/9/2018 7:24,7/9/2018 7:29,296.924,343.72,19.95,73,100
EV032,CH007-CH008,,,7/9/2018 6:25,7/9/2018 6:31,233.617,319.1,25.615,63.5,100
EV032,CH007-CH008,,,7/7/2018 18:57,7/7/2018 19:05,213.653,326.46,29.022,59.5,100
EV032,CH007-CH008,,,7/7/2018 18:07,7/7/2018 18:15,208.705,367.62,28.949,59,99.5
EV032,CH007-CH008,,,7/7/2018 17:08,7/7/2018 17:16,231.493,365.9,31.484,56,99
EV032,CH007-CH008,,,7/7/2018 16:09,7/7/2018 16:18,293.043,366.98,33.786,53.5,98
EV032,CH007-CH008,,,7/7/2018 15:08,7/7/2018 15:14,313.145,367.68,26.352,57.5,94
EV032,CH007-CH008,,,7/7/2018 14:03,7/7/2018 14:13,304.768,355.54,32.472,55.5,99
EV032,CH007-CH008,,,7/7/2018 13:05,7/7/2018 13:13,179.326,254.48,33.13,52,96
EV032,CH007-CH008,,,7/7/2018 12:01,7/7/2018 12:06,261.335,355.1,23.331,56,88
EV032,CH007-CH008,,,7/7/2018 11:02,7/7/2018 11:11,245.846,369.74,31.563,56,98
EV032,CH007-CH008,,,7/7/2018 10:03,7/7/2018 10:08,176.965,300.2,23.411,64.5,97.5
EV032,CH007-CH008,,,7/7/2018 8:57,7/7/2018 9:06,284.088,370.96,32.512,55.5,99.5
EV032,CH007-CH008,,,7/6/2018 18:38,7/6/2018 18:49,199.755,272.58,33.672,54.5,100
EV032,CH007-CH008,,,7/6/2018 17:36,7/6/2018 17:42,290.158,372.14,27.381,56,92.5
EV032,CH007-CH008,,,7/6/2018 16:30,7/6/2018 16:37,275.99,340.92,27.622,61,99
EV032,CH007-CH008,,,7/6/2018 15:25,7/6/2018 15:35,303.677,367.78,32.643,55.5,99.5
EV032,CH007-CH008,,,7/6/2018 14:26,7/6/2018 14:32,271.032,359.58,28.173,57,95
EV032,CH007-CH008,,,7/6/2018 13:27,7/6/2018 13:33,323.41,373.4,27.775,59.5,97.5
EV032,CH007-CH008,,,7/6/2018 12:27,7/6/2018 12:34,257.628,372.46,30.333,58,99
EV032,CH007-CH008,,,7/6/2018 11:27,7/6/2018 11:34,306.355,372.88,30.783,55,95
EV032,CH007-CH008,,,7/6/2018 10:26,7/6/2018 10:33,300.73,376.56,31.694,55,96.5
EV032,CH007-CH008,,,7/6/2018 9:23,7/6/2018 9:28,302.828,358.3,20.61,72.5,100
EV032,CH007-CH008,,,7/6/2018 8:27,7/6/2018 8:35,330.256,371.54,29.221,59.5,100
EV032,CH007-CH008,,,7/6/2018 7:25,7/6/2018 7:30,282.033,343.02,19.558,74,100
EV032,CH007-CH008,,,7/6/2018 6:26,7/6/2018 6:33,194.633,353.4,28.644,59.5,98.5
EV032,CH007-CH008,,,7/5/2018 18:32,7/5/2018 18:40,311.898,364.86,29.126,59,100
EV032,CH007-CH008,,,7/5/2018 17:34,7/5/2018 17:42,288.288,369.52,28.459,60,99.5
EV032,CH007-CH008,,,7/5/2018 16:25,7/5/2018 16:34,282.561,347.64,32.646,55.5,99.5
EV032,CH007-CH008,,,7/5/2018 15:26,7/5/2018 15:33,272.897,368.36,28.958,56,95
EV032,CH007-CH008,,,7/5/2018 14:30,7/5/2018 14:36,297.042,344.1,28.015,57.5,96
EV032,CH007-CH008,,,7/5/2018 13:30,7/5/2018 13:36,304.363,366.12,28.75,58,97
EV032,CH007-CH008,,,7/5/2018 12:29,7/5/2018 12:36,270.706,359.66,27.41,61.5,100
EV032,CH007-CH008,,,7/5/2018 11:26,7/5/2018 11:35,267.211,320.92,32.02,55.5,99
EV032,CH007-CH008,,,7/5/2018 10:27,7/5/2018 10:33,262.309,356.96,21.628,71,100
EV032,CH007-CH008,,,7/5/2018 9:24,7/5/2018 9:31,307.839,359.84,24.391,65,100
EV032,CH007-CH008,,,7/5/2018 8:27,7/5/2018 8:33,268.82,353.6,21.637,71,100
EV032,CH007-CH008,,,7/5/2018 7:26,7/5/2018 7:31,310.199,370.66,20.356,72.5,100
EV032,CH007-CH008,,,7/5/2018 6:27,7/5/2018 6:35,274.863,339.44,28.785,59.5,98.5
EV032,CH007-CH008,,,7/3/2018 19:19,7/3/2018 19:28,313.62,352.34,33.573,55,100
EV032,CH007-CH008,,,7/3/2018 18:14,7/3/2018 18:22,316.773,365.78,37.756,46,98
EV032,CH007-CH008,,,7/3/2018 17:14,7/3/2018 17:18,330.014,357.9,25.468,49,84.5
EV032,CH007-CH008,,,7/3/2018 16:09,7/3/2018 16:16,-8.15,13.82,39.883,42.5,95.5
EV032,CH007-CH008,,,7/3/2018 15:14,7/3/2018 15:17,223.2,326.52,15.567,55,76.5
EV032,CH007-CH008,,,7/3/2018 14:04,7/3/2018 14:14,252.034,297.68,33.47,54,99
EV032,CH007-CH008,,,7/3/2018 13:03,7/3/2018 13:09,241.759,372.42,25.027,64,100
EV032,CH007-CH008,,,7/3/2018 12:01,7/3/2018 12:08,265.917,320.54,23.637,65.5,100
EV032,CH007-CH008,,,7/3/2018 11:02,7/3/2018 11:11,227.246,278.32,29.268,57.5,98
EV032,CH007-CH008,,,7/3/2018 10:01,7/3/2018 10:07,25.725,127.3,24.442,64.5,100
EV032,CH007-CH008,,,7/3/2018 9:04,7/3/2018 9:14,235.831,273.72,32.59,54,98.5
EV032,CH007-CH008,,,7/3/2018 8:09,7/3/2018 8:12,304.595,359.42,14.17,67.5,88.5
EV032,CH007-CH008,,,7/3/2018 7:06,7/3/2018 7:13,294.694,377,31.451,55,95.5
EV032,CH007-CH008,,,7/3/2018 6:17,7/3/2018 6:22,264.456,349.16,24.051,55.5,87
EV032,CH007-CH008,,,7/2/2018 17:52,7/2/2018 18:00,307.651,368.22,33.286,53,97
EV032,CH007-CH008,,,7/2/2018 16:47,7/2/2018 16:56,228.712,298.46,33.653,51.5,98
EV032,CH007-CH008,,,7/2/2018 15:47,7/2/2018 15:56,250.587,357.78,37.221,46.5,97.5
EV032,CH007-CH008,,,7/2/2018 14:46,7/2/2018 14:51,224.702,265.46,22.9,52,83.5
EV032,CH007-CH008,,,7/2/2018 13:44,7/2/2018 13:51,306.32,359.92,35.347,47.5,95
EV032,CH007-CH008,,,7/2/2018 12:52,7/2/2018 12:56,258.337,349.38,21.726,55.5,85
EV032,CH007-CH008,,,7/2/2018 11:47,7/2/2018 11:53,213.097,344.84,24.068,65,100
EV032,CH007-CH008,,,7/2/2018 10:46,7/2/2018 10:53,293.434,337.38,27.528,59.5,97
EV032,CH007-CH008,,,7/2/2018 9:46,7/2/2018 9:52,281.074,377.92,23.372,64.5,96.5
EV032,CH007-CH008,,,7/2/2018 8:46,7/2/2018 8:52,253.411,292.62,22.421,66.5,98.5
EV032,CH007-CH008,,,7/2/2018 7:45,7/2/2018 7:51,239.064,265.2,20.922,72,100
EV032,CH007-CH008,,,7/2/2018 6:46,7/2/2018 6:52,259.254,352.7,25.675,63.5,100
EV032,CH007-CH008,,,7/2/2018 5:55,7/2/2018 5:57,183.064,345.22,11.327,83.5,98.5
EV032,CH007-CH008,,,7/1/2018 13:15,7/1/2018 13:17,210.072,342.5,5.804,91,99.5
EV032,CH007-CH008,,,7/1/2018 13:07,7/1/2018 13:08,42.298,280.14,3.113,89,93.5
EV032,CH007-CH008,,,6/30/2018 18:41,6/30/2018 18:49,307.202,365.58,30.442,57.5,99
EV032,CH007-CH008,,,6/30/2018 17:44,6/30/2018 17:49,248.084,274.02,23.628,64.5,98
EV032,CH007-CH008,,,6/30/2018 16:43,6/30/2018 16:52,249.335,364.96,32.342,56,98.5
EV032,CH007-CH008,,,6/30/2018 15:37,6/30/2018 15:46,283.08,345.02,34.244,52,97.5
EV032,CH007-CH008,,,6/30/2018 14:36,6/30/2018 14:42,283.003,332.08,30.575,51.5,92
EV032,CH007-CH008,,,6/30/2018 13:36,6/30/2018 13:42,271.278,317.12,29.238,53.5,92
EV032,CH007-CH008,,,6/30/2018 12:31,6/30/2018 12:41,225.377,309.2,34.127,51.5,97.5
EV032,CH007-CH008,,,6/30/2018 11:34,6/30/2018 11:40,302.249,361.3,29.647,52.5,91.5
EV032,CH007-CH008,,,6/30/2018 10:31,6/30/2018 10:40,66.671,206.08,33.868,50,95
EV032,CH007-CH008,,,6/30/2018 9:32,6/30/2018 9:40,256.421,277.42,32.803,48.5,92.5
EV032,CH007-CH008,,,6/30/2018 8:27,6/30/2018 8:34,239.677,287.74,30.833,49,89.5
EV032,CH007-CH008,,,6/29/2018 17:56,6/29/2018 21:18,24.65,38.62,59.738,13.5,96.5
EV032,CH007-CH008,,,6/29/2018 15:18,6/29/2018 15:20,284.755,356.16,12.989,50.5,70.5
EV032,CH007-CH008,,,6/29/2018 14:03,6/29/2018 14:09,269.395,360.22,28.761,53.5,96
EV032,CH007-CH008,,,6/29/2018 13:03,6/29/2018 13:11,319.908,365.86,39.53,43.5,96.5
EV032,CH007-CH008,,,6/29/2018 12:12,6/29/2018 12:14,135.949,280.5,14.622,55.5,75.5
EV032,CH007-CH008,,,6/29/2018 11:06,6/29/2018 11:13,223.663,353.1,28.751,57,95.5
EV032,CH007-CH008,,,6/29/2018 10:07,6/29/2018 10:14,284.331,377.38,30.549,55,94.5
EV032,CH007-CH008,,,6/29/2018 9:06,6/29/2018 9:14,270.876,337.98,33.868,50,96.5
EV032,CH007-CH008,,,6/29/2018 8:12,6/29/2018 8:18,323.402,375.6,32.077,49.5,91.5
EV032,CH007-CH008,,,6/29/2018 7:10,6/29/2018 7:13,299.942,358.64,13.314,56.5,76
EV032,CH007-CH008,,,6/29/2018 6:13,6/29/2018 6:17,-2.587,-2.14,21.682,57,86.5
EV032,CH007-CH008,,,6/27/2018 16:15,6/27/2018 16:23,34.753,163.12,26.011,62.5,100
EV032,CH007-CH008,,,6/27/2018 15:12,6/27/2018 15:19,175.977,256.86,26.332,63,100
EV032,CH007-CH008,,,6/27/2018 14:58,6/27/2018 14:59,45.528,284.14,0.252,64,64.5
EV032,CH007-CH008,,,6/27/2018 13:47,6/27/2018 13:51,245.733,355.12,9.935,86,100
EV032,CH007-CH008,,,6/26/2018 18:34,6/26/2018 18:44,229.775,266.64,30.499,57,100
EV032,CH007-CH008,,,6/26/2018 17:36,6/26/2018 17:42,249.468,264.3,24.967,62.5,98
EV032,CH007-CH008,,,6/26/2018 16:27,6/26/2018 16:36,216.339,339.7,31.71,56,100
EV032,CH007-CH008,,,6/26/2018 15:23,6/26/2018 15:31,256.413,345.4,33.622,53,97
EV032,CH007-CH008,,,6/26/2018 14:24,6/26/2018 14:32,225.997,319.58,27.516,54.5,90
EV032,CH007-CH008,,,6/26/2018 13:25,6/26/2018 13:31,303.207,347.02,28.346,53.5,90.5
EV032,CH007-CH008,,,6/26/2018 12:26,6/26/2018 12:30,289.194,350.84,22.986,61,93
EV032,CH007-CH008,,,6/26/2018 11:27,6/26/2018 11:33,273.688,336.56,22.925,67,100
EV032,CH007-CH008,,,6/26/2018 10:27,6/26/2018 10:33,263.034,367.76,23.317,66,100
EV032,CH007-CH008,,,6/26/2018 9:25,6/26/2018 9:32,285.786,374.16,26.635,62.5,100
EV032,CH007-CH008,,,6/26/2018 8:29,6/26/2018 8:36,269.647,300.54,31.466,52,94
EV032,CH007-CH008,,,6/25/2018 17:51,6/25/2018 17:59,284.741,330.32,31.169,54.5,95.5
EV032,CH007-CH008,,,6/25/2018 16:47,6/25/2018 16:56,266.974,328.9,34.418,49.5,96.5
EV032,CH007-CH008,,,6/25/2018 15:49,6/25/2018 15:57,246.473,272.98,34.544,46,92.5
EV032,CH007-CH008,,,6/25/2018 14:50,6/25/2018 14:54,209.173,271.52,18.207,55.5,80.5
EV032,CH007-CH008,,,6/25/2018 13:46,6/25/2018 13:53,255.974,350.54,24.853,64,99
EV032,CH007-CH008,,,6/25/2018 12:47,6/25/2018 12:55,257.609,370.72,29.057,59,100
EV032,CH007-CH008,,,6/25/2018 11:52,6/25/2018 11:58,285.708,356.26,23.776,64.5,98.5
EV032,CH007-CH008,,,6/25/2018 10:46,6/25/2018 10:55,273.685,314.86,27.323,61.5,100
EV032,CH007-CH008,,,6/25/2018 9:45,6/25/2018 9:51,251.316,338.02,24.322,64.5,100
EV032,CH007-CH008,,,6/25/2018 8:44,6/25/2018 8:50,289.97,359.3,23.041,66.5,100
EV032,CH007-CH008,,,6/25/2018 7:45,6/25/2018 7:51,264.379,368.12,22.614,67,100
EV032,CH007-CH008,,,6/25/2018 6:47,6/25/2018 6:54,221.445,274.78,24.16,62,96
EV032,CH007-CH008,,,6/25/2018 5:57,6/25/2018 6:00,227.012,342.06,9.018,86.5,99
EV032,CH007-CH008,,,6/24/2018 18:40,6/24/2018 18:46,270.162,358.14,26.189,60.5,97
EV032,CH007-CH008,,,6/24/2018 17:40,6/24/2018 17:46,257.828,357.72,24.944,64,100
EV032,CH007-CH008,,,6/24/2018 16:41,6/24/2018 16:49,310.606,366.2,29.103,59,100
EV032,CH007-CH008,,,6/24/2018 15:36,6/24/2018 15:44,226.529,349.1,26.228,62.5,100
EV032,CH007-CH008,,,6/24/2018 14:36,6/24/2018 14:44,284.318,350.7,27.177,61.5,100
EV032,CH007-CH008,,,6/24/2018 13:36,6/24/2018 13:44,218.491,287.14,26.443,62,100
EV032,CH007-CH008,,,6/24/2018 12:31,6/24/2018 12:39,205.917,369.62,29.088,59,100
EV032,CH007-CH008,,,6/24/2018 11:29,6/24/2018 11:36,297.302,349.82,25.243,63.5,100
EV032,CH007-CH008,,,6/24/2018 10:29,6/24/2018 10:37,186.324,294.26,25.275,64,100
EV032,CH007-CH008,,,6/24/2018 9:32,6/24/2018 9:39,257.366,350.34,28.646,59,98.5
EV032,CH007-CH008,,,6/24/2018 8:27,6/24/2018 8:35,251.199,354.36,34.064,52.5,97.5
EV032,CH007-CH008,,,6/22/2018 18:23,6/22/2018 20:06,13.706,43.08,23.764,62,100
EV032,CH007-CH008,,,6/21/2018 11:27,6/21/2018 11:33,247.348,374.08,26.471,62.5,100
EV032,CH007-CH008,,,6/21/2018 10:24,6/21/2018 10:33,343.467,376.26,32.135,55.5,99
EV032,CH007-CH008,,,6/21/2018 9:31,6/21/2018 9:37,291.744,372.98,22.87,66.5,100
EV032,CH007-CH008,,,6/21/2018 8:27,6/21/2018 8:36,295.834,376.16,31.78,56,97.5
EV032,CH007-CH008,,,6/21/2018 7:27,6/21/2018 7:33,285.094,348.82,27.362,55.5,91
EV032,CH007-CH008,,,6/21/2018 6:30,6/21/2018 6:36,248.128,355.9,27.731,55,90.5
EV032,CH007-CH008,,,6/20/2018 19:19,6/20/2018 19:25,309.25,369.46,25.199,63.5,99.5
EV032,CH007-CH008,,,6/20/2018 18:16,6/20/2018 18:26,335.933,359.46,34.27,53.5,100
EV032,CH007-CH008,,,6/20/2018 17:09,6/20/2018 17:16,328.727,368.36,33.021,52,96
EV032,CH007-CH008,,,6/20/2018 16:09,6/20/2018 16:17,303.299,356.38,36.816,46,95.5
EV032,CH007-CH008,,,6/20/2018 15:13,6/20/2018 15:16,44.663,176.48,16.097,57,80.5
EV032,CH007-CH008,,,6/20/2018 14:02,6/20/2018 14:12,293.431,339.16,33.216,55,100
EV032,CH007-CH008,,,6/20/2018 13:05,6/20/2018 13:11,283.168,356.48,27.245,56.5,93.5
EV032,CH007-CH008,,,6/20/2018 12:05,6/20/2018 12:12,289.582,315.98,24.753,64,99
EV032,CH007-CH008,,,6/20/2018 11:05,6/20/2018 11:12,295.863,348.9,27.247,60,97.5
EV032,CH007-CH008,,,6/20/2018 10:08,6/20/2018 10:14,37.514,163.98,27.066,56,91.5
EV032,CH007-CH008,,,6/20/2018 9:06,6/20/2018 9:13,251.41,284.94,27.351,55,91
EV032,CH007-CH008,,,6/20/2018 8:12,6/20/2018 8:15,309.92,372.82,13.983,76.5,94.5
EV032,CH007-CH008,,,6/20/2018 7:11,6/20/2018 7:19,307.283,377.44,32.396,55.5,97.5
EV032,CH007-CH008,,,6/20/2018 6:15,6/20/2018 6:19,175.852,337.12,23.992,53.5,86
EV032,CH007-CH008,,,6/19/2018 17:50,6/19/2018 17:59,234.998,344.66,29.413,59,100
EV032,CH007-CH008,,,6/19/2018 16:45,6/19/2018 16:55,300.002,355.28,33.833,54,98.5
EV032,CH007-CH008,,,6/19/2018 15:46,6/19/2018 15:55,305.573,365.94,38.066,46,98
EV032,CH007-CH008,,,6/19/2018 14:47,6/19/2018 14:50,297.253,347.84,19.245,53.5,79.5
EV032,CH007-CH008,,,6/19/2018 13:44,6/19/2018 13:53,251.449,368.54,34.144,52,99
EV032,CH007-CH008,,,6/19/2018 12:48,6/19/2018 12:53,212.424,277.14,23.292,59,91
EV032,CH007-CH008,,,6/19/2018 11:44,6/19/2018 11:51,197.14,247.3,27.837,59.5,97.5
EV032,CH007-CH008,,,6/19/2018 10:46,6/19/2018 10:52,287.6,354.86,29.277,56,94
EV032,CH007-CH008,,,6/19/2018 9:50,6/19/2018 9:54,296.208,364.62,22.277,62.5,93.5
EV032,CH007-CH008,,,6/19/2018 8:47,6/19/2018 8:53,252.686,351.66,24.386,65,100
EV032,CH007-CH008,,,6/19/2018 7:46,6/19/2018 7:53,279.113,356.22,26.598,61.5,98
EV032,CH007-CH008,,,6/19/2018 6:46,6/19/2018 6:54,239.95,302.86,24.239,65,100
EV032,CH007-CH008,,,6/19/2018 5:53,6/19/2018 5:57,246.813,331.56,12.631,82,98.5
EV032,CH007-CH008,,,6/18/2018 8:34,6/18/2018 8:40,206.168,329.92,22.524,64.5,95.5
EV032,CH007-CH008,,,6/13/2018 11:24,6/13/2018 11:31,207.458,374.74,24.567,65,100
EV032,CH007-CH008,,,6/13/2018 10:12,6/13/2018 10:17,288.885,354.52,15.665,79,99.5
EV032,CH007-CH008,,,6/12/2018 19:19,6/12/2018 19:28,270.627,299.2,34.149,51,98.5
EV032,CH007-CH008,,,6/12/2018 18:14,6/12/2018 18:23,165.176,257.66,35.252,48.5,97
EV032,CH007-CH008,,,6/12/2018 17:06,6/12/2018 17:16,284.493,336.1,38.231,45,97
EV032,CH007-CH008,,,6/12/2018 16:08,6/12/2018 16:16,270.171,355.9,40.14,37.5,91.5
EV032,CH007-CH008,,,6/12/2018 15:15,6/12/2018 15:19,180.797,240.78,16.178,52.5,75.5
EV032,CH007-CH008,,,6/12/2018 14:02,6/12/2018 14:13,174.69,234.48,33.454,54.5,99.5
EV032,CH007-CH008,,,6/12/2018 13:03,6/12/2018 13:11,337.274,369.4,34.239,52,98.5
EV032,CH007-CH008,,,6/12/2018 12:03,6/12/2018 12:12,281.104,343.86,33.799,53.5,98
EV032,CH007-CH008,,,6/12/2018 11:02,6/12/2018 11:11,262.245,366.08,33.714,53,99
EV032,CH007-CH008,,,6/12/2018 10:04,6/12/2018 10:11,222.534,280.08,27.296,55.5,92
EV032,CH007-CH008,,,6/12/2018 9:07,6/12/2018 9:13,317.17,371.36,21.294,71.5,99
EV032,CH007-CH008,,,6/12/2018 8:11,6/12/2018 8:17,288.875,338.32,24.431,64.5,100
EV032,CH007-CH008,,,6/12/2018 7:11,6/12/2018 7:19,292.395,373.62,29.26,59,99
EV032,CH007-CH008,,,6/12/2018 6:17,6/12/2018 6:25,289.927,362.92,32.609,54.5,97
EV032,CH007-CH008,,,6/11/2018 19:22,6/11/2018 19:31,267.817,328.54,30.056,58,99
EV032,CH007-CH008,,,6/11/2018 18:15,6/11/2018 18:25,212.04,364.82,33.809,53,99.5
EV032,CH007-CH008,,,6/11/2018 17:13,6/11/2018 17:22,115.903,226.64,41.271,42,97.5
EV032,CH007-CH008,,,6/11/2018 16:12,6/11/2018 16:18,301.772,351.76,29.885,43,85
EV032,CH007-CH008,,,6/11/2018 15:21,6/11/2018 15:26,205.944,286.3,19.664,54,80.5
EV032,CH007-CH008,,,6/11/2018 14:08,6/11/2018 14:16,292.556,370.5,29.68,58,98.5
EV032,CH007-CH008,,,6/11/2018 13:08,6/11/2018 13:15,319.484,366.28,29.846,56.5,97
EV032,CH007-CH008,,,6/11/2018 12:08,6/11/2018 12:15,273.147,336.08,27.552,60.5,98.5
EV032,CH007-CH008,,,6/11/2018 11:05,6/11/2018 11:13,304.377,359.94,32.861,54,97
EV032,CH007-CH008,,,6/11/2018 10:08,6/11/2018 10:13,261.074,357.8,22.549,58,88
EV032,CH007-CH008,,,6/11/2018 9:10,6/11/2018 9:23,317.713,373.94,64.127,13,98
EV032,CH007-CH008,,,6/11/2018 7:12,6/11/2018 7:17,212.259,321.14,30.446,39,80
EV032,CH007-CH008,,,6/11/2018 6:18,6/11/2018 6:22,157.204,254.52,14.949,48.5,70
EV032,CH007-CH008,,,6/9/2018 18:12,6/9/2018 18:20,298.85,368.78,26.813,62,100
EV032,CH007-CH008,,,6/9/2018 17:16,6/9/2018 17:24,323.982,362.4,29.87,58.5,99
EV032,CH007-CH008,,,6/9/2018 16:08,6/9/2018 16:16,272.637,354.06,29.151,58.5,100
EV032,CH007-CH008,,,6/9/2018 15:04,6/9/2018 15:13,304.104,350.56,29.585,57.5,100
EV032,CH007-CH008,,,6/9/2018 14:05,6/9/2018 14:13,300.539,371.44,27.695,60.5,100
EV032,CH007-CH008,,,6/9/2018 13:01,6/9/2018 13:10,324.062,360.86,29.191,59,100
EV032,CH007-CH008,,,6/9/2018 12:01,6/9/2018 12:07,237.063,360.98,21.198,72,100
EV032,CH007-CH008,,,6/9/2018 10:59,6/9/2018 11:07,286.037,372.68,26.873,61.5,100
EV032,CH007-CH008,,,6/9/2018 10:01,6/9/2018 10:06,240.962,374.6,20.942,72.5,100
EV032,CH007-CH008,,,6/9/2018 8:57,6/9/2018 9:05,259.577,373.88,33.36,52,97.5
EV032,CH007-CH008,,,6/8/2018 17:51,6/8/2018 17:57,313.103,356.1,29.027,57,96.5
EV032,CH007-CH008,,,6/8/2018 16:45,6/8/2018 16:55,222.315,356.74,34.066,52.5,99
EV032,CH007-CH008,,,6/8/2018 15:49,6/8/2018 15:58,295.056,355.18,39.157,45,98
EV032,CH007-CH008,,,6/8/2018 14:51,6/8/2018 14:54,319.918,352.82,16.423,53.5,76
EV032,CH007-CH008,,,6/8/2018 13:46,6/8/2018 13:51,274.887,354.78,25.306,60.5,96
EV032,CH007-CH008,,,6/8/2018 12:43,6/8/2018 12:51,283.583,371.88,31.372,56,98.5
EV032,CH007-CH008,,,6/8/2018 11:55,6/8/2018 12:01,292.155,372.34,26.189,57.5,93
EV032,CH007-CH008,,,6/8/2018 10:56,6/8/2018 11:03,272.994,350.06,30.488,54.5,94
EV032,CH007-CH008,,,6/8/2018 9:51,6/8/2018 9:54,312.61,349.58,16.923,67.5,92
EV032,CH007-CH008,,,6/8/2018 8:47,6/8/2018 8:53,277.125,356.28,19.11,74,100
EV032,CH007-CH008,,,6/8/2018 7:51,6/8/2018 7:59,278.978,358.88,30.767,56,95.5
EV032,CH007-CH008,,,6/8/2018 6:52,6/8/2018 6:56,324.14,374.4,21.179,56,84.5
EV032,CH007-CH008,,,6/8/2018 5:55,6/8/2018 5:56,197.452,330.94,5.253,85.5,92.5
EV032,CH007-CH008,,,6/7/2018 17:35,6/7/2018 17:41,85.963,257.52,23.3,65.5,99
EV032,CH007-CH008,,,6/7/2018 16:34,6/7/2018 16:40,277.428,336.48,24.005,61,93.5
EV032,CH007-CH008,,,6/7/2018 15:22,6/7/2018 15:25,169.694,287.38,4.825,92.5,100
EV032,CH007-CH008,,,6/6/2018 17:53,6/6/2018 18:02,333.695,364.36,33.65,55,98.5
EV032,CH007-CH008,,,6/6/2018 16:48,6/6/2018 16:59,236.786,322.3,46.214,36.5,99
EV032,CH007-CH008,,,6/6/2018 15:56,6/6/2018 16:00,247.863,326.38,15.089,50,72
EV032,CH007-CH008,,,6/6/2018 14:47,6/6/2018 14:51,200.465,347.24,21.388,54.5,83
EV032,CH007-CH008,,,6/6/2018 13:46,6/6/2018 13:52,285.109,369.62,28.713,55.5,92.5
EV032,CH007-CH008,,,6/6/2018 12:49,6/6/2018 12:55,300.444,366.36,30.177,53.5,93
EV032,CH007-CH008,,,6/6/2018 11:46,6/6/2018 11:54,330.161,361.86,37.512,46,96
EV032,CH007-CH008,,,6/6/2018 10:50,6/6/2018 10:53,270.678,318.4,15.684,55.5,77
EV032,CH007-CH008,,,6/6/2018 9:49,6/6/2018 9:53,316.258,364.66,22.973,56,87
EV032,CH007-CH008,,,6/6/2018 8:47,6/6/2018 8:52,250.755,309.06,19.882,66.5,95
EV032,CH007-CH008,,,6/6/2018 7:47,6/6/2018 7:53,316.897,375.86,20.755,72.5,100
EV032,CH007-CH008,,,6/6/2018 6:49,6/6/2018 6:58,189.514,345.14,32.067,54.5,98
EV032,CH007-CH008,,,6/5/2018 19:20,6/5/2018 19:29,332.311,365.38,31.848,56,100
EV032,CH007-CH008,,,6/5/2018 18:17,6/5/2018 18:25,74.595,261.3,34.192,50.5,97.5
EV032,CH007-CH008,,,6/5/2018 17:09,6/5/2018 17:16,333.865,365.86,37.157,45.5,95.5
EV032,CH007-CH008,,,6/5/2018 16:11,6/5/2018 16:16,129.213,273.28,27.863,47,86
EV032,CH007-CH008,,,6/5/2018 15:15,6/5/2018 15:20,274.45,341.36,24.432,52,85.5
EV032,CH007-CH008,,,6/5/2018 14:10,6/5/2018 14:17,240.967,373.52,28.518,60,99
EV032,CH007-CH008,,,6/5/2018 13:05,6/5/2018 13:11,185.78,268.38,26.692,56.5,93
EV032,CH007-CH008,,,6/5/2018 12:05,6/5/2018 12:12,269.591,373.16,27.349,60.5,98.5
EV032,CH007-CH008,,,6/5/2018 11:06,6/5/2018 11:14,245.258,371.54,29.69,57.5,98
EV032,CH007-CH008,,,6/5/2018 10:11,6/5/2018 10:19,236.869,375.96,29.439,57.5,97.5
EV032,CH007-CH008,,,6/5/2018 9:08,6/5/2018 9:13,257.067,370.12,19.854,73.5,99
EV032,CH007-CH008,,,6/5/2018 8:10,6/5/2018 8:20,264.239,345.52,30.97,57,98
EV032,CH007-CH008,,,6/5/2018 7:06,6/5/2018 7:15,228.802,335.8,36.517,46.5,95
EV032,CH007-CH008,,,6/5/2018 6:17,6/5/2018 6:21,236.522,271.68,18.306,50,75.5
EV032,CH007-CH008,,,6/4/2018 12:11,6/4/2018 12:17,210.357,340.8,24.915,60,97.5
EV032,CH007-CH008,,,6/4/2018 11:53,6/4/2018 11:56,227.387,291.42,9.98,51.5,64.5
EV032,CH007-CH008,,,6/4/2018 9:59,6/4/2018 10:09,258.213,317.32,31.304,56.5,99.5
EV032,CH007-CH008,,,6/4/2018 9:04,6/4/2018 9:09,265.393,344.22,21.376,64,93.5
EV032,CH007-CH008,,,6/4/2018 7:56,6/4/2018 8:03,261.369,316.58,24.967,65,100
EV032,CH007-CH008,,,6/4/2018 6:49,6/4/2018 6:55,228.706,294.94,24.244,65,100
EV032,CH007-CH008,,,6/4/2018 5:54,6/4/2018 5:57,153.858,348.42,8.853,87,99.5
EV032,CH007-CH008,,,6/2/2018 18:52,6/2/2018 19:01,209.835,260.34,31.575,54,96
EV032,CH007-CH008,,,6/2/2018 18:13,6/2/2018 18:18,260.185,353.42,25.025,55,88.5
EV032,CH007-CH008,,,6/2/2018 17:11,6/2/2018 17:19,211.799,354.96,27.557,60.5,99.5
EV032,CH007-CH008,,,6/2/2018 16:08,6/2/2018 16:17,253.522,351.62,31.901,56,100
EV032,CH007-CH008,,,6/2/2018 15:05,6/2/2018 15:13,329.001,366.68,31.453,56,100
EV032,CH007-CH008,,,6/2/2018 14:06,6/2/2018 14:13,258.58,357.08,27.565,60.5,100
EV032,CH007-CH008,,,6/2/2018 13:00,6/2/2018 13:09,224.113,366.1,30.097,57.5,100
EV032,CH007-CH008,,,6/2/2018 12:04,6/2/2018 12:10,248.157,325.66,25.66,61.5,97.5
EV032,CH007-CH008,,,6/2/2018 10:59,6/2/2018 11:07,280.815,327.18,34.782,49,95.5
EV032,CH007-CH008,,,6/2/2018 10:04,6/2/2018 10:08,218.402,270.8,15.012,60.5,82.5
EV032,CH007-CH008,,,6/2/2018 8:55,6/2/2018 9:04,239.841,374.8,32.513,55,99
EV032,CH007-CH008,,,6/1/2018 18:43,6/1/2018 18:49,249.076,362.78,20.227,73,100
EV032,CH007-CH008,,,6/1/2018 17:42,6/1/2018 17:51,273.791,356.92,29.599,58,100
EV032,CH007-CH008,,,6/1/2018 16:41,6/1/2018 16:50,303,370.22,30.658,56.5,99.5
EV032,CH007-CH008,,,6/1/2018 15:23,6/1/2018 15:29,281.458,352.06,25.204,64,100
EV032,CH007-CH008,,,6/1/2018 14:23,6/1/2018 14:30,329.584,373.04,25.544,62.5,100
EV032,CH007-CH008,,,6/1/2018 13:21,6/1/2018 13:30,245.054,345.66,29.228,58,100
EV032,CH007-CH008,,,6/1/2018 12:20,6/1/2018 12:25,269.977,347.44,17.75,76,100
EV032,CH007-CH008,,,6/1/2018 11:21,6/1/2018 11:27,289.693,361.88,22.644,66.5,100
EV032,CH007-CH008,,,6/1/2018 10:23,6/1/2018 10:29,288.117,337.22,23.764,65,100
EV032,CH007-CH008,,,6/1/2018 9:22,6/1/2018 9:27,317.563,360.06,20.428,72.5,100
EV032,CH007-CH008,,,6/1/2018 8:23,6/1/2018 8:28,219.92,316.2,20.505,72.5,100
EV032,CH007-CH008,,,6/1/2018 7:21,6/1/2018 7:26,301.981,327.12,20.533,72,100
EV032,CH007-CH008,,,6/1/2018 6:24,6/1/2018 6:33,234.533,288.64,32.278,51.5,96.5
EV032,CH007-CH008,,,5/31/2018 18:41,5/31/2018 18:44,261.658,303.7,14.898,62.5,84.5
EV032,CH007-CH008,,,5/31/2018 17:35,5/31/2018 17:42,275.583,337.28,25.246,62.5,98.5
EV032,CH007-CH008,,,5/31/2018 16:27,5/31/2018 16:34,221.672,343.5,25.048,64,100
EV032,CH007-CH008,,,5/31/2018 15:25,5/31/2018 15:31,265.699,327.38,22.22,67.5,100
EV032,CH007-CH008,,,5/31/2018 14:21,5/31/2018 14:28,236.661,323.1,25.759,59.5,95
EV032,CH007-CH008,,,5/31/2018 13:20,5/31/2018 13:26,248.538,319.52,20.248,72.5,100
EV032,CH007-CH008,,,5/31/2018 12:21,5/31/2018 12:29,265.675,318.88,27.267,60.5,100
EV032,CH007-CH008,,,5/31/2018 11:22,5/31/2018 11:27,286.73,335.48,20.396,72.5,100
EV032,CH007-CH008,,,5/31/2018 10:21,5/31/2018 10:27,233.171,352.38,22.809,66.5,100
EV032,CH007-CH008,,,5/31/2018 9:22,5/31/2018 9:25,255.472,357.88,10.795,72,85.5
EV032,CH007-CH008,,,5/31/2018 8:21,5/31/2018 8:25,285.808,355.12,17.641,76,100
EV032,CH007-CH008,,,5/31/2018 7:25,5/31/2018 7:32,245.22,254.3,18.796,74.5,98
EV032,CH007-CH008,,,5/31/2018 6:23,5/31/2018 6:33,251.07,322.86,32.263,52,95
EV032,CH007-CH008,,,5/30/2018 6:36,5/30/2018 6:38,254.126,312.88,6.985,88,97.5
EV032,CH007-CH008,,,5/30/2018 6:19,5/30/2018 6:25,278.444,322.76,28.025,49,86.5
EV032,CH007-CH008,,,5/24/2018 18:37,5/24/2018 18:45,228.959,273.72,24.962,64,100
EV032,CH007-CH008,,,5/24/2018 17:37,5/24/2018 17:42,209.046,280.54,19.356,74,100
EV032,CH007-CH008,,,5/24/2018 16:31,5/24/2018 16:40,299.614,376.86,30.374,57,100
EV032,CH007-CH008,,,5/24/2018 15:24,5/24/2018 15:30,245.821,296.36,25.79,55.5,89.5
EV032,CH007-CH008,,,5/24/2018 14:23,5/24/2018 14:28,242.064,307.86,21.889,67.5,100
EV032,CH007-CH008,,,5/24/2018 13:24,5/24/2018 13:31,279.238,333.94,30.518,56,96.5
EV032,CH007-CH008,,,5/24/2018 12:22,5/24/2018 12:28,269.335,306.98,22.364,67,100
EV032,CH007-CH008,,,5/24/2018 11:23,5/24/2018 11:28,323.62,360.72,21.791,67.5,100
EV032,CH007-CH008,,,5/24/2018 10:24,5/24/2018 10:32,236.805,263.28,24.717,64,99
EV032,CH007-CH008,,,5/24/2018 9:25,5/24/2018 9:28,287.633,290.98,9.117,86.5,100
EV032,CH007-CH008,,,5/24/2018 8:23,5/24/2018 8:29,218.051,352.88,22.545,67,100
EV032,CH007-CH008,,,5/24/2018 7:21,5/24/2018 7:26,280.488,356.32,18.487,75,100
EV032,CH007-CH008,,,5/24/2018 6:23,5/24/2018 6:33,216.679,336.04,28.565,58,97.5
EV032,CH007-CH008,,,5/23/2018 18:37,5/23/2018 18:48,202.341,254.56,32.705,53,98
EV032,CH007-CH008,,,5/23/2018 17:38,5/23/2018 17:46,314.058,344.38,41.192,38.5,93.5
EV032,CH007-CH008,,,5/23/2018 15:22,5/23/2018 15:29,243.641,326.62,28.105,59,98
EV032,CH007-CH008,,,5/23/2018 14:22,5/23/2018 14:29,263.815,341.04,31.52,55,96.5
EV032,CH007-CH008,,,5/23/2018 13:30,5/23/2018 13:31,265.809,301.78,6.321,81.5,89
EV032,CH007-CH008,,,5/23/2018 12:21,5/23/2018 12:27,250.921,322.42,22.899,65.5,100
EV032,CH007-CH008,,,5/23/2018 11:23,5/23/2018 11:31,308.127,346.96,27.726,60,100
EV032,CH007-CH008,,,5/23/2018 10:21,5/23/2018 10:26,243.455,309.74,20.388,72.5,100
EV032,CH007-CH008,,,5/23/2018 9:23,5/23/2018 9:25,282.296,356.2,11.028,65,82
EV032,CH007-CH008,,,5/23/2018 8:20,5/23/2018 8:26,0.091,22.7,19.337,73.5,100
EV032,CH007-CH008,,,5/23/2018 7:22,5/23/2018 7:30,258.97,309.88,27.495,61,100
EV032,CH007-CH008,,,5/23/2018 6:24,5/23/2018 6:31,230.481,379.42,25.253,64,100
EV032,CH007-CH008,,,5/16/2018 22:51,5/16/2018 23:46,40.813,43.18,23.19,65,100
EV032,CH007-CH008,,,5/14/2018 17:21,5/14/2018 18:04,38.589,43.3,22.359,62,100
EV032,CH007-CH008,,,5/11/2018 9:57,5/11/2018 10:07,239.616,301.1,31.828,56,99.5
EV032,CH007-CH008,,,5/11/2018 8:43,5/11/2018 8:48,202.656,290.16,18.893,74.5,100
EV032,CH007-CH008,,,5/11/2018 7:43,5/11/2018 7:53,233.138,320.76,30.428,57,99.5
EV032,CH007-CH008,,,5/11/2018 6:48,5/11/2018 6:52,271.238,356.6,18.905,63.5,90
EV032,CH007-CH008,,,5/11/2018 5:54,5/11/2018 5:58,233.777,271.8,14.989,79,100
EV032,CH007-CH008,,,5/9/2018 19:18,5/9/2018 19:25,196.617,241.84,21.201,67.5,98.5
EV032,CH007-CH008,,,5/9/2018 18:15,5/9/2018 18:20,312.825,328.72,20.422,66.5,94.5
EV032,CH007-CH008,,,5/9/2018 17:06,5/9/2018 17:16,243.554,297.5,36.042,47.5,97.5
EV032,CH007-CH008,,,5/9/2018 16:13,5/9/2018 16:22,225.684,267.44,37.701,37.5,88.5
EV032,CH007-CH008,,,5/9/2018 15:17,5/9/2018 15:21,262.571,354.9,16.468,52,75
EV032,CH007-CH008,,,5/9/2018 14:06,5/9/2018 14:16,301.641,365.6,42.111,41.5,98
EV032,CH007-CH008,,,5/9/2018 13:08,5/9/2018 13:12,240.42,304.28,15.69,52,74.5
EV032,CH007-CH008,,,5/9/2018 12:12,5/9/2018 12:16,281.757,358.64,18.865,62,88.5
EV032,CH007-CH008,,,5/9/2018 11:06,5/9/2018 11:15,308.643,370.56,32.763,54.5,97.5
EV032,CH007-CH008,,,5/9/2018 10:07,5/9/2018 10:11,266.604,320.96,20.368,64,93
EV032,CH007-CH008,,,5/9/2018 9:02,5/9/2018 9:11,288.359,358.52,30.539,56.5,98
EV032,CH007-CH008,,,5/9/2018 8:09,5/9/2018 8:16,262.302,364.3,31.067,52.5,93.5
EV032,CH007-CH008,,,5/9/2018 7:07,5/9/2018 7:12,284.837,347.12,21.822,58.5,89
EV032,CH007-CH008,,,5/9/2018 6:09,5/9/2018 6:15,311.789,368.42,28.384,56.5,95
EV032,CH007-CH008,,,5/8/2018 18:35,5/8/2018 18:44,195.794,201.3,30.194,58.5,100
EV032,CH007-CH008,,,5/8/2018 17:40,5/8/2018 17:47,261.671,306.2,31.361,53,95
EV032,CH007-CH008,,,5/8/2018 16:23,5/8/2018 16:32,267.118,351.14,33.85,51.5,97.5
EV032,CH007-CH008,,,5/8/2018 15:27,5/8/2018 15:34,280.676,340.24,32.97,51,95.5
EV032,CH007-CH008,,,5/8/2018 14:24,5/8/2018 14:31,275.817,317.46,30.011,52,92
EV032,CH007-CH008,,,5/8/2018 13:25,5/8/2018 13:31,175.295,240.44,26.464,55,90
EV032,CH007-CH008,,,5/8/2018 12:18,5/8/2018 12:25,287.573,364.92,23.949,65,100
EV032,CH007-CH008,,,5/8/2018 11:20,5/8/2018 11:26,32.939,141.6,23.093,66,100
EV032,CH007-CH008,,,5/8/2018 10:19,5/8/2018 10:25,-1.269,14.08,0.593,64,100
EV032,CH007-CH008,,,5/8/2018 9:22,5/8/2018 9:28,147.501,263.54,19.801,73,99.5
EV032,CH007-CH008,,,5/8/2018 8:23,5/8/2018 8:28,328.11,370.42,22.978,65.5,99.5
EV032,CH007-CH008,,,5/8/2018 7:21,5/8/2018 7:27,244.628,302.24,20.242,72.5,100
EV032,CH007-CH008,,,5/8/2018 6:21,5/8/2018 6:29,202.171,289.76,25.184,62.5,99.5
EV032,CH007-CH008,,,5/5/2018 18:50,5/5/2018 18:56,288.225,333.74,28.778,56.5,95.5
EV032,CH007-CH008,,,5/5/2018 18:11,5/5/2018 18:15,237.589,328.24,20.375,61.5,90.5
EV032,CH007-CH008,,,5/5/2018 17:10,5/5/2018 17:16,277.051,297.06,22.449,67,100
EV032,CH007-CH008,,,5/5/2018 16:07,5/5/2018 16:15,206.748,326.24,26.634,61.5,100
EV032,CH007-CH008,,,5/5/2018 15:06,5/5/2018 15:10,234.581,310.58,16.96,60,85
EV032,CH007-CH008,,,5/5/2018 14:10,5/5/2018 14:13,204.416,272.16,6.534,90.5,100
EV032,CH007-CH008,,,5/5/2018 13:03,5/5/2018 13:11,315.077,349.46,29.773,57.5,100
EV032,CH007-CH008,,,5/5/2018 12:00,5/5/2018 12:06,208.29,347.74,23.864,65,100
EV032,CH007-CH008,,,5/5/2018 11:05,5/5/2018 11:08,178.226,214.74,7.07,88.5,98
EV032,CH007-CH008,,,5/5/2018 10:01,5/5/2018 10:07,281.73,332.66,24.917,56.5,89.5
EV032,CH007-CH008,,,5/5/2018 8:57,5/5/2018 9:07,238.979,365.14,39.46,42.5,94.5
EV032,CH007-CH008,,,5/2/2018 18:37,5/2/2018 18:43,247.184,294.26,19.784,73.5,100
EV032,CH007-CH008,,,5/2/2018 17:35,5/2/2018 17:40,309.71,360.88,20.213,72.5,100
EV032,CH007-CH008,,,5/2/2018 16:25,5/2/2018 16:30,338.344,351.94,20.295,73,100
EV032,CH007-CH008,,,5/2/2018 15:24,5/2/2018 15:32,264.429,327.66,28.127,59.5,98.5
EV032,CH007-CH008,,,5/2/2018 14:24,5/2/2018 14:31,250.792,279.24,25.883,60,96
EV032,CH007-CH008,,,5/2/2018 13:21,5/2/2018 13:28,234.912,276.7,22.462,66.5,100
EV032,CH007-CH008,,,5/2/2018 12:22,5/2/2018 12:30,285.221,360.1,27.671,60,100
EV032,CH007-CH008,,,5/2/2018 11:20,5/2/2018 11:25,286.27,370.8,19.189,74,100
EV032,CH007-CH008,,,5/2/2018 10:23,5/2/2018 10:28,273.518,298.92,19.612,73,100
EV032,CH007-CH008,,,5/2/2018 9:20,5/2/2018 9:25,279.757,342.5,19.267,74,100
EV032,CH007-CH008,,,5/2/2018 8:21,5/2/2018 8:26,224.093,367.28,15.475,78.5,100
EV032,CH007-CH008,,,5/2/2018 7:21,5/2/2018 7:30,285.016,343.12,30.283,56.5,99.5
EV032,CH007-CH008,,,5/2/2018 6:23,5/2/2018 6:32,270.731,375.06,29.647,56.5,99
EV032,CH007-CH008,,,4/30/2018 18:37,4/30/2018 18:47,215.557,268.02,11.111,56,99.5
EV032,CH007-CH008,,,4/30/2018 17:37,4/30/2018 17:44,234.457,305.28,28.652,55.5,93
EV032,CH007-CH008,,,4/30/2018 16:30,4/30/2018 16:35,212.717,225.06,17.638,73.5,96
EV032,CH007-CH008,,,4/30/2018 15:30,4/30/2018 15:32,164.486,282.28,5.692,91,100
EV032,CH007-CH008,,,4/30/2018 14:25,4/30/2018 14:32,262.58,359.14,25.263,63,98.5
EV032,CH007-CH008,,,4/30/2018 13:27,4/30/2018 13:34,279.736,364.04,25.138,63.5,100
EV032,CH007-CH008,,,4/30/2018 12:20,4/30/2018 12:28,220.523,254.22,25.141,63,100
EV032,CH007-CH008,,,4/30/2018 11:19,4/30/2018 11:25,23.349,141.28,20.117,72.5,100
EV032,CH007-CH008,,,4/30/2018 10:22,4/30/2018 10:28,254.573,292.4,21.319,71,100
EV032,CH007-CH008,,,4/30/2018 9:21,4/30/2018 9:27,240.529,308.06,20.274,72.5,100
EV032,CH007-CH008,,,4/30/2018 8:22,4/30/2018 8:25,258.767,290.14,11.069,68,85
EV032,CH007-CH008,,,4/30/2018 7:21,4/30/2018 7:29,261.694,359.98,25.067,63.5,100
EV032,CH007-CH008,,,4/30/2018 6:22,4/30/2018 6:35,207.208,276.48,34.564,51.5,97.5
EV032,CH007-CH008,,,4/25/2018 14:00,4/25/2018 14:06,281.86,367.66,23.957,65.5,100
EV032,CH007-CH008,,,4/25/2018 12:47,4/25/2018 12:52,59.395,218.28,12.489,82.5,100
EV032,CH007-CH008,,,4/24/2018 17:50,4/24/2018 17:58,165.626,273.52,24.834,64,100
EV032,CH007-CH008,,,4/24/2018 16:50,4/24/2018 16:55,167.351,313.58,14.195,81,100
EV032,CH007-CH008,,,4/24/2018 15:44,4/24/2018 15:53,309.652,344.66,33.317,54,99
EV032,CH007-CH008,,,4/24/2018 14:48,4/24/2018 14:54,239.519,333.9,25.169,58,92.5
EV032,CH007-CH008,,,4/24/2018 13:45,4/24/2018 13:52,224.031,341.54,24.269,64.5,100
EV032,CH007-CH008,,,4/24/2018 12:45,4/24/2018 12:54,232.253,265.54,28.643,59,100
EV032,CH007-CH008,,,4/24/2018 11:45,4/24/2018 11:52,243.424,284.4,22.372,67,99
EV032,CH007-CH008,,,4/24/2018 10:45,4/24/2018 10:50,289.642,362.98,20.467,72.5,99
EV032,CH007-CH008,,,4/24/2018 9:44,4/24/2018 9:50,230.844,312.44,4.283,58.5,94.5
EV032,CH007-CH008,,,4/24/2018 8:48,4/24/2018 8:53,176.96,216.68,20.38,59,87.5
EV032,CH007-CH008,,,4/24/2018 7:50,4/24/2018 7:54,205.398,214.6,15.045,70,88
EV032,CH007-CH008,,,4/24/2018 6:52,4/24/2018 6:58,223.668,316.4,20.672,58,86.5
EV032,CH007-CH008,,,4/24/2018 5:54,4/24/2018 6:00,195.19,317.34,23.214,58.5,90.5
EV032,CH007-CH008,,,4/23/2018 15:22,4/23/2018 15:32,260.808,302.18,31.775,55.5,99.5
EV032,CH007-CH008,,,4/23/2018 14:21,4/23/2018 14:28,209.461,245.04,21.746,67,100
EV032,CH007-CH008,,,4/23/2018 13:27,4/23/2018 13:35,206.392,298.28,29.41,58.5,99
EV032,CH007-CH008,,,4/23/2018 12:22,4/23/2018 12:29,258.164,292.78,21.814,67.5,100
EV032,CH007-CH008,,,4/23/2018 11:20,4/23/2018 11:29,194.365,315.7,29.793,57.5,100
EV032,CH007-CH008,,,4/23/2018 10:20,4/23/2018 10:26,266.869,313.18,21.364,71.5,100
EV032,CH007-CH008,,,4/23/2018 9:25,4/23/2018 9:32,240.638,299.2,22.482,67,100
EV032,CH007-CH008,,,4/23/2018 8:20,4/23/2018 8:26,246.594,290.96,19.657,73.5,100
EV032,CH007-CH008,,,4/23/2018 7:21,4/23/2018 7:29,224.065,264.94,25.272,63,100
EV032,CH007-CH008,,,4/23/2018 6:23,4/23/2018 6:29,238.506,306.92,19.833,73,100
EV032,CH007-CH008,,,4/20/2018 17:55,4/20/2018 18:03,209.533,302.2,29.439,58.5,100
EV032,CH007-CH008,,,4/20/2018 16:52,4/20/2018 17:01,249.214,287.78,32.657,52,97
EV032,CH007-CH008,,,4/20/2018 15:56,4/20/2018 16:01,291.46,340.64,25.057,52.5,86
EV032,CH007-CH008,,,4/20/2018 14:56,4/20/2018 15:01,307.301,366.44,25.13,55.5,88.5
EV032,CH007-CH008,,,4/20/2018 13:50,4/20/2018 13:57,198.013,262,24.117,61,94.5
EV032,CH007-CH008,,,4/20/2018 12:47,4/20/2018 12:50,228.164,264.18,10.51,65.5,82.5
EV032,CH007-CH008,,,4/20/2018 11:48,4/20/2018 11:54,313.015,370.16,26.887,56.5,93
EV032,CH007-CH008,,,4/20/2018 10:46,4/20/2018 10:52,267.8,335.72,22.944,66,100
EV032,CH007-CH008,,,4/20/2018 9:44,4/20/2018 9:53,249.899,327.5,27.174,61,100
EV032,CH007-CH008,,,4/20/2018 8:47,4/20/2018 8:53,199.946,313.56,20.855,72,100
EV032,CH007-CH008,,,4/20/2018 7:45,4/20/2018 7:51,228.341,291.42,21.546,67.5,100
EV032,CH007-CH008,,,4/20/2018 6:47,4/20/2018 6:54,224.748,310.22,25.4,59,94
EV032,CH007-CH008,,,4/20/2018 5:54,4/20/2018 5:58,153.956,238.4,12.572,77.5,94
EV032,CH007-CH008,,,4/17/2018 19:30,4/17/2018 19:36,199.972,314.94,21.738,67.5,100
EV032,CH007-CH008,,,4/17/2018 18:16,4/17/2018 18:26,293.226,366.46,32.565,55.5,99.5
EV032,CH007-CH008,,,4/17/2018 17:09,4/17/2018 17:19,241.357,301.98,41.975,41,97
EV032,CH007-CH008,,,4/17/2018 16:17,4/17/2018 16:23,247.61,337.24,26.17,39,75
EV032,CH007-CH008,,,4/17/2018 15:18,4/17/2018 15:20,154.291,232.68,9.819,57,72
EV032,CH007-CH008,,,4/17/2018 14:10,4/17/2018 14:12,94.195,149.36,2.813,95,99
EV032,CH007-CH008,,,4/17/2018 13:07,4/17/2018 13:16,221.292,274.4,27.142,61,100
EV032,CH007-CH008,,,4/17/2018 12:10,4/17/2018 12:13,283.281,318.68,15.674,75.5,96
EV032,CH007-CH008,,,4/17/2018 11:09,4/17/2018 11:19,274.533,332.88,30.088,56.5,97
EV032,CH007-CH008,,,4/17/2018 10:05,4/17/2018 10:14,137.667,195.76,33.817,47,92
EV032,CH007-CH008,,,4/17/2018 9:04,4/17/2018 9:12,201.96,246.04,26.836,45,83
EV032,CH007-CH008,,,4/17/2018 8:15,4/17/2018 8:21,179.866,267.46,18.869,56,84.5
EV032,CH007-CH008,,,4/16/2018 14:14,4/16/2018 14:25,196.174,277.8,37.783,47.5,98.5
EV032,CH007-CH008,,,4/13/2018 19:19,4/13/2018 19:28,238.158,266.44,29.405,58,100
EV032,CH007-CH008,,,4/13/2018 18:14,4/13/2018 18:20,209.043,259.06,19.737,73.5,100
EV032,CH007-CH008,,,4/13/2018 17:13,4/13/2018 17:20,178.798,271.82,20.513,72.5,100
EV032,CH007-CH008,,,4/13/2018 16:11,4/13/2018 16:20,263.609,343.9,30.24,57,100
EV032,CH007-CH008,,,4/13/2018 15:18,4/13/2018 15:22,304.307,357.3,20.622,56,84.5
EV032,CH007-CH008,,,4/13/2018 14:07,4/13/2018 14:13,232.931,348.42,21.975,67,100
EV032,CH007-CH008,,,4/13/2018 13:02,4/13/2018 13:11,228.018,267.4,30.103,55.5,95.5
EV032,CH007-CH008,,,4/13/2018 12:05,4/13/2018 12:15,237.498,272.02,33.084,52.5,96.5
EV032,CH007-CH008,,,4/13/2018 11:02,4/13/2018 11:11,266.425,323.28,36.887,46.5,97
EV032,CH007-CH008,,,4/13/2018 10:10,4/13/2018 10:16,269.139,340.86,25.693,47,82.5
EV032,CH007-CH008,,,4/13/2018 9:17,4/13/2018 9:21,193.356,243.56,10.594,62.5,78.5
EV032,CH007-CH008,,,4/13/2018 9:02,4/13/2018 9:03,171.04,306.88,5.505,57.5,64.5
EV032,CH007-CH008,,,4/13/2018 8:10,4/13/2018 8:19,240.421,265.98,32.614,50.5,94
EV032,CH007-CH008,,,4/13/2018 7:09,4/13/2018 7:17,268.493,345.06,34.338,45.5,91
EV032,CH007-CH008,,,4/13/2018 6:11,4/13/2018 6:17,139.903,231.54,21.853,51,81
EV032,CH007-CH008,,,4/12/2018 18:45,4/12/2018 18:51,225.63,263.68,20.256,72.5,100
EV032,CH007-CH008,,,4/12/2018 17:45,4/12/2018 17:54,204.836,286.98,29.474,58,100
EV032,CH007-CH008,,,4/12/2018 16:36,4/12/2018 16:42,282.625,345.54,21.443,71,100
EV032,CH007-CH008,,,4/12/2018 15:31,4/12/2018 15:41,263.124,324.12,29.882,57.5,100
EV032,CH007-CH008,,,4/12/2018 14:29,4/12/2018 14:33,251.938,309.3,17.961,72,95
EV032,CH007-CH008,,,4/12/2018 13:24,4/12/2018 13:32,216.844,324.7,27.389,61,100
EV032,CH007-CH008,,,4/12/2018 12:21,4/12/2018 12:27,255.497,334.4,22.569,66.5,100
EV032,CH007-CH008,,,4/12/2018 11:22,4/12/2018 11:28,254.033,312.48,21.767,67.5,100
EV032,CH007-CH008,,,4/12/2018 10:20,4/12/2018 10:25,245.689,292.3,18.777,72,96
EV032,CH007-CH008,,,4/12/2018 9:21,4/12/2018 9:31,189.866,244.76,28.191,60,100
EV032,CH007-CH008,,,4/12/2018 8:23,4/12/2018 8:33,270.798,318.36,33.482,51.5,97.5
EV032,CH007-CH008,,,4/12/2018 7:21,4/12/2018 7:30,258.617,337.66,34.165,49,96
EV032,CH007-CH008,,,4/12/2018 6:22,4/12/2018 6:32,230.147,341.96,36.367,45.5,93.5
EV032,CH007-CH008,,,4/10/2018 19:19,4/10/2018 19:25,208.595,273.24,21.498,71,100
EV032,CH007-CH008,,,4/10/2018 18:16,4/10/2018 18:28,162.399,339.56,32.743,55,99.5
EV032,CH007-CH008,,,4/10/2018 17:08,4/10/2018 17:18,222.182,269.82,34.855,49,96.5
EV032,CH007-CH008,,,4/10/2018 16:13,4/10/2018 16:20,271.111,347.6,30.248,44.5,86
EV032,CH007-CH008,,,4/10/2018 15:16,4/10/2018 15:19,248.135,339.44,11.567,58,76
EV032,CH007-CH008,,,4/10/2018 14:06,4/10/2018 14:16,187.025,267.62,30.767,54.5,94.5
EV032,CH007-CH008,,,4/10/2018 13:09,4/10/2018 13:13,130.717,237.96,16.763,63,87.5
EV032,CH007-CH008,,,4/10/2018 12:05,4/10/2018 12:13,188.006,214.82,22.873,66,100
EV032,CH007-CH008,,,4/10/2018 11:01,4/10/2018 11:12,196.688,268.66,29.966,57.5,100
EV032,CH007-CH008,,,4/10/2018 10:02,4/10/2018 10:11,177.275,207.4,28.488,54,91.5
EV032,CH007-CH008,,,4/10/2018 9:03,4/10/2018 9:13,235.53,260.74,35.439,48,97
EV032,CH007-CH008,,,4/10/2018 8:14,4/10/2018 8:22,187.543,232.84,10.327,43.5,85.5
EV032,CH007-CH008,,,4/10/2018 7:15,4/10/2018 7:19,118.904,255.72,19.584,53.5,80
EV032,CH007-CH008,,,4/10/2018 6:18,4/10/2018 6:25,206.65,321.94,26.047,57,92
EV032,CH007-CH008,,,4/9/2018 14:26,4/9/2018 14:37,186.566,221.38,30.516,57.5,100
EV032,CH007-CH008,,,4/9/2018 10:21,4/9/2018 10:29,159.087,190.7,20.694,72,100
EV032,CH007-CH008,,,4/9/2018 9:22,4/9/2018 9:31,139.4,189.06,23.598,65.5,100
EV032,CH007-CH008,,,4/9/2018 8:21,4/9/2018 8:29,169.412,210.78,20.868,72,100
EV032,CH007-CH008,,,4/9/2018 7:21,4/9/2018 7:31,187.94,226.64,30.996,54.5,95.5
EV032,CH007-CH008,,,4/9/2018 6:24,4/9/2018 6:35,164.606,196.72,31.373,53,94.5
EV032,CH007-CH008,,,4/7/2018 18:34,4/7/2018 18:42,184.812,205.8,22.628,58.5,90.5
EV032,CH007-CH008,,,4/7/2018 17:35,4/7/2018 17:45,186.699,216.26,26.406,61.5,100
EV032,CH007-CH008,,,4/7/2018 16:37,4/7/2018 16:47,157.55,178.9,27.969,55,92
EV032,CH007-CH008,,,4/7/2018 15:36,4/7/2018 15:44,142.524,215.12,20.358,72,98.5
EV032,CH007-CH008,,,4/7/2018 14:34,4/7/2018 14:47,149.464,166.2,31.874,53,97
EV032,CH007-CH008,,,4/7/2018 13:37,4/7/2018 13:43,106.659,166.8,15.101,60,82
EV032,CH007-CH008,,,4/7/2018 12:31,4/7/2018 12:45,148.498,171.96,32.818,51,96
EV032,CH007-CH008,,,4/7/2018 11:35,4/7/2018 11:44,132.849,155.44,23.879,50,83
EV032,CH007-CH008,,,4/7/2018 10:32,4/7/2018 10:41,146.21,161.56,23.534,49,82
EV032,CH007-CH008,,,4/7/2018 9:30,4/7/2018 9:39,126.291,149.24,21.811,47.5,77
EV032,CH007-CH008,,,4/7/2018 8:25,4/7/2018 8:32,116.751,141.4,13.95,53.5,73
EV032,CH007-CH008,,,4/6/2018 17:04,4/6/2018 19:24,25.986,42.82,52.3,23,96.5
EV032,CH007-CH008,,,4/6/2018 15:26,4/6/2018 15:33,170.909,222.4,22.651,27.5,57.5
EV032,CH007-CH008,,,4/6/2018 14:24,4/6/2018 14:31,146.467,230.42,16.061,41.5,62.5
EV032,CH007-CH008,,,4/6/2018 13:21,4/6/2018 13:30,135.8,180.26,21.508,50,79.5
EV032,CH007-CH008,,,4/6/2018 12:22,4/6/2018 12:33,119.036,146.92,27.756,51,88
EV032,CH007-CH008,,,4/6/2018 11:21,4/6/2018 11:32,153.023,197.7,31.958,51,93.5
EV032,CH007-CH008,,,4/6/2018 10:22,4/6/2018 10:32,169.749,272.46,27.924,60,100
EV032,CH007-CH008,,,4/6/2018 9:22,4/6/2018 9:32,175.899,201.46,27.867,57,96.5
EV032,CH007-CH008,,,4/6/2018 8:21,4/6/2018 8:31,164.589,197.22,32.204,54.5,98.5
EV032,CH007-CH008,,,4/6/2018 7:24,4/6/2018 7:33,276.182,322.7,31.462,55.5,98
EV032,CH007-CH008,,,4/6/2018 6:30,4/6/2018 6:36,186.958,371.32,17.775,,94.5
EV032,CH007-CH008,,,4/5/2018 19:13,4/5/2018 20:43,14.641,43.06,18.804,71.5,100
EV032,CH007-CH008,,,4/5/2018 18:37,4/5/2018 18:42,220.176,241.36,19.849,50.5,78
EV032,CH007-CH008,,,4/5/2018 17:41,4/5/2018 17:45,276.697,355.34,19.333,53,79
EV032,CH007-CH008,,,4/5/2018 16:39,4/5/2018 16:43,127.55,238.04,15.917,57.5,80
EV032,CH007-CH008,,,4/5/2018 15:22,4/5/2018 15:31,131.422,257.4,29.915,56,96
EV032,CH007-CH008,,,4/5/2018 14:22,4/5/2018 14:29,249.787,283.88,25.185,63,99.5
EV032,CH007-CH008,,,4/5/2018 13:22,4/5/2018 13:31,256.732,279.88,30.264,57.5,100
EV032,CH007-CH008,,,4/5/2018 12:22,4/5/2018 12:29,203.698,266.74,27.592,60,99
EV032,CH007-CH008,,,4/5/2018 11:24,4/5/2018 11:32,199.861,247.36,26.126,62.5,100
EV032,CH007-CH008,,,4/5/2018 10:22,4/5/2018 10:34,183.943,268.58,30.636,56.5,100
EV032,CH007-CH008,,,4/5/2018 9:21,4/5/2018 9:32,200.063,226.9,30.95,55.5,96
EV032,CH007-CH008,,,4/5/2018 8:25,4/5/2018 8:30,327.009,331.66,21.281,67,95.5
EV032,CH007-CH008,,,4/5/2018 7:24,4/5/2018 7:31,259.915,283.82,23.867,65,98.5
EV032,CH007-CH008,,,4/5/2018 6:26,4/5/2018 6:36,250.891,293.52,30.488,55,95
EV032,CH007-CH008,,,4/4/2018 19:17,4/4/2018 19:23,237.979,348.2,22.667,67,100
EV032,CH007-CH008,,,4/4/2018 18:25,4/4/2018 18:33,205.845,268.94,24.034,65,100
EV032,CH007-CH008,,,4/4/2018 17:08,4/4/2018 17:15,257.09,326.46,27.332,58,95.5
EV032,CH007-CH008,,,4/4/2018 16:10,4/4/2018 16:19,247.137,361.7,35.993,47.5,97
EV032,CH007-CH008,,,4/4/2018 15:17,4/4/2018 15:19,308.513,360.94,11.839,66.5,84.5
EV032,CH007-CH008,,,4/4/2018 14:05,4/4/2018 14:15,251.581,301.14,30.841,57.5,100
EV032,CH007-CH008,,,4/4/2018 13:07,4/4/2018 13:14,256.291,371.52,29.154,56.5,95
EV032,CH007-CH008,,,4/4/2018 12:07,4/4/2018 12:15,311.198,351.02,31.775,53.5,95
EV032,CH007-CH008,,,4/4/2018 11:10,4/4/2018 11:14,273.843,371.66,16.407,75,96.5
EV032,CH007-CH008,,,4/4/2018 10:05,4/4/2018 10:08,258.248,356.08,15.395,58,80
EV032,CH007-CH008,,,4/4/2018 9:05,4/4/2018 9:13,291.144,327.88,32.718,52.5,96
EV032,CH007-CH008,,,4/4/2018 8:13,4/4/2018 8:20,209.108,233.36,28.875,51.5,90
EV032,CH007-CH008,,,4/4/2018 7:09,4/4/2018 7:16,175.77,305.44,35.136,47.5,95.5
EV032,CH007-CH008,,,4/4/2018 6:15,4/4/2018 6:21,213.9,260.46,20.611,51.5,79.5
EV032,CH007-CH008,,,4/3/2018 18:32,4/3/2018 18:36,230.503,299.82,17.145,75.5,98
EV032,CH007-CH008,,,4/3/2018 17:34,4/3/2018 17:43,291.676,368.44,29.784,58,99
EV032,CH007-CH008,,,4/3/2018 16:26,4/3/2018 16:34,200.57,315.34,27.76,61,100
EV032,CH007-CH008,,,4/3/2018 15:26,4/3/2018 15:33,310.585,368.24,29.635,58.5,98.5
EV032,CH007-CH008,,,4/3/2018 14:21,4/3/2018 14:29,243.77,298.94,26.693,61.5,99
EV032,CH007-CH008,,,4/3/2018 13:21,4/3/2018 13:30,280.631,350.78,30.928,57.5,100
EV032,CH007-CH008,,,4/3/2018 12:22,4/3/2018 12:30,255.604,294.64,33.839,50,96.5
EV032,CH007-CH008,,,4/3/2018 11:32,4/3/2018 11:35,216,266.42,15.499,56,78
EV032,CH007-CH008,,,4/3/2018 10:21,4/3/2018 10:26,207.975,287.4,19.993,73,100
EV032,CH007-CH008,,,4/3/2018 9:20,4/3/2018 9:30,245.251,302.68,30.948,56,99.5
EV032,CH007-CH008,,,4/3/2018 8:25,4/3/2018 8:31,286.402,332.06,25.863,57,92
EV032,CH007-CH008,,,4/3/2018 7:21,4/3/2018 7:30,250.548,351.46,31.814,55.5,97
EV032,CH007-CH008,,,4/3/2018 6:28,4/3/2018 6:36,294.053,371.5,32.443,50,94
EV032,CH007-CH008,,,3/30/2018 17:50,3/30/2018 17:58,253.612,312.14,27.892,60,100
EV032,CH007-CH008,,,3/30/2018 16:50,3/30/2018 16:55,213.382,223.66,15.398,77,98
EV032,CH007-CH008,,,3/30/2018 15:47,3/30/2018 15:54,227.216,272.46,25.179,53.5,87
EV032,CH007-CH008,,,3/30/2018 14:48,3/30/2018 14:52,259.355,341.78,22.733,58,89
EV032,CH007-CH008,,,3/30/2018 13:50,3/30/2018 13:54,212.309,306.32,15.59,75,94.5
EV032,CH007-CH008,,,3/30/2018 12:45,3/30/2018 12:50,177.031,225.66,21.644,66.5,97.5
EV032,CH007-CH008,,,3/30/2018 11:46,3/30/2018 11:53,311.213,358.08,27.882,59,97.5
EV032,CH007-CH008,,,3/30/2018 10:47,3/30/2018 10:55,224.422,284.78,27.864,58,96
EV032,CH007-CH008,,,3/30/2018 9:46,3/30/2018 9:52,180.724,204.78,20.691,72,100
EV032,CH007-CH008,,,3/30/2018 8:43,3/30/2018 8:45,242.893,306.48,6.918,66.5,78.5
EV032,CH007-CH008,,,3/30/2018 7:46,3/30/2018 7:53,270.584,309.12,28.593,54.5,92
EV032,CH007-CH008,,,3/30/2018 6:45,3/30/2018 6:49,266.906,319.92,18.62,66.5,93.5
EV032,CH007-CH008,,,3/30/2018 5:50,3/30/2018 5:55,274.176,356.9,17.461,76,100
EV032,CH007-CH008,,,3/28/2018 18:35,3/28/2018 18:41,169.439,233.42,19.225,74,100
EV032,CH007-CH008,,,3/28/2018 17:38,3/28/2018 17:44,172.619,269.98,19.352,74,100
EV032,CH007-CH008,,,3/28/2018 16:26,3/28/2018 16:37,204.002,253.66,32.742,55,99.5
EV032,CH007-CH008,,,3/28/2018 15:23,3/28/2018 15:30,200.668,295.58,27.135,52.5,88
EV032,CH007-CH008,,,3/28/2018 14:26,3/28/2018 14:34,200.969,270.8,30.085,50.5,90.5
EV032,CH007-CH008,,,3/28/2018 13:28,3/28/2018 13:35,141.309,285.64,24.245,56.5,88
EV032,CH007-CH008,,,3/28/2018 12:22,3/28/2018 12:30,194.052,287.62,23.25,65,98.5
EV032,CH007-CH008,,,3/28/2018 11:22,3/28/2018 11:27,248.423,371.22,20.521,72,99.5
EV032,CH007-CH008,,,3/28/2018 10:22,3/28/2018 10:28,0.375,22.74,21.588,67,99.5
EV032,CH007-CH008,,,3/28/2018 9:23,3/28/2018 9:28,257.979,356.18,16.576,77,99.5
EV032,CH007-CH008,,,3/28/2018 8:22,3/28/2018 8:32,272.623,332.38,30.614,56.5,99.5
EV032,CH007-CH008,,,3/28/2018 7:21,3/28/2018 7:32,127.284,191.56,30.783,53,94
EV032,CH007-CH008,,,3/28/2018 6:25,3/28/2018 6:34,195.382,256.16,33.447,48.5,92.5
EV032,CH007-CH008,,,3/26/2018 19:25,3/26/2018 19:33,190.583,207.42,22.41,65,97
EV032,CH007-CH008,,,3/26/2018 18:14,3/26/2018 18:28,158.965,185.68,40.377,35,89
EV032,CH007-CH008,,,3/26/2018 17:17,3/26/2018 17:22,211.878,251.86,19.549,43.5,71.5
EV032,CH007-CH008,,,3/26/2018 16:12,3/26/2018 16:19,198.021,239.84,26.084,44,79.5
EV032,CH007-CH008,,,3/26/2018 15:16,3/26/2018 15:21,198.684,235.38,14.973,54,74.5
EV032,CH007-CH008,,,3/26/2018 14:05,3/26/2018 14:15,239.821,290.96,38.273,45.5,97.5
EV032,CH007-CH008,,,3/26/2018 13:15,3/26/2018 13:17,179.809,300.34,7.705,60.5,73.5
EV032,CH007-CH008,,,3/26/2018 12:04,3/26/2018 12:13,221.769,369.72,31.229,56.5,99.5
EV032,CH007-CH008,,,3/26/2018 11:04,3/26/2018 11:14,232.437,293.76,35.491,48,95.5
EV032,CH007-CH008,,,3/26/2018 10:05,3/26/2018 10:12,205.916,261.36,27.448,44.5,82.5
EV032,CH007-CH008,,,3/26/2018 9:04,3/26/2018 9:15,219.635,235.86,41.122,29.5,86
EV032,CH007-CH008,,,3/26/2018 8:12,3/26/2018 8:21,159.746,227.72,34.711,28,75.5
EV032,CH007-CH008,,,3/26/2018 7:07,3/26/2018 7:19,138.042,168.06,21.717,30,81.5
EV032,CH007-CH008,,,3/26/2018 6:21,3/26/2018 6:25,191.686,333.5,14.608,42,61.5
EV032,CH007-CH008,,,3/25/2018 8:57,3/25/2018 9:08,271.098,335.02,33.454,49,95.5
EV032,CH007-CH008,,,3/23/2018 18:38,3/23/2018 18:44,209.711,229.46,20.418,72,99.5
EV032,CH007-CH008,,,3/23/2018 17:39,3/23/2018 17:45,176.755,205.26,17.928,74,97.5
EV032,CH007-CH008,,,3/23/2018 16:33,3/23/2018 16:40,210.62,233.02,24.438,62.5,97
EV032,CH007-CH008,,,3/23/2018 15:21,3/23/2018 15:30,187.007,230.38,28.124,54.5,91.5
EV032,CH007-CH008,,,3/23/2018 14:30,3/23/2018 14:30,173.248,190.36,1.206,88.5,90
EV032,CH007-CH008,,,3/23/2018 13:25,3/23/2018 13:30,272.006,296.42,20.626,66,94
EV032,CH007-CH008,,,3/23/2018 12:22,3/23/2018 12:31,242.089,335.9,37.212,44,93
EV032,CH007-CH008,,,3/23/2018 10:22,3/23/2018 10:29,235.694,279.74,21.214,67.5,99.5
EV032,CH007-CH008,,,3/23/2018 9:23,3/23/2018 9:30,180.265,195.88,22.755,61.5,94
EV032,CH007-CH008,,,3/23/2018 8:22,3/23/2018 8:34,134.333,169.82,31.357,51,93
EV032,CH007-CH008,,,3/23/2018 7:20,3/23/2018 7:30,177.331,246.34,27.953,49.5,87
EV032,CH007-CH008,,,3/23/2018 6:23,3/23/2018 6:35,-1.633,-1.14,36.872,44,93.5
EV032,CH007-CH008,,,3/21/2018 19:20,3/21/2018 19:27,239.731,259.36,23.182,65.5,99
EV032,CH007-CH008,,,3/21/2018 18:15,3/21/2018 18:25,194.133,266.92,30.614,57.5,100
EV032,CH007-CH008,,,3/21/2018 17:14,3/21/2018 17:23,242.76,298.62,31.475,54.5,97.5
EV032,CH007-CH008,,,3/21/2018 16:10,3/21/2018 16:16,190.522,203.72,19.167,61,86.5
EV032,CH007-CH008,,,3/21/2018 15:10,3/21/2018 15:17,220.582,274.42,26.776,55,90
EV032,CH007-CH008,,,3/21/2018 14:02,3/21/2018 14:15,167.273,198.96,22.001,46,98
EV032,CH007-CH008,,,3/21/2018 13:07,3/21/2018 13:12,188.883,243.7,15.494,52.5,74
EV032,CH007-CH008,,,3/21/2018 12:09,3/21/2018 12:21,155.108,179.7,31.073,49.5,90.5
EV032,CH007-CH008,,,3/21/2018 11:08,3/21/2018 11:19,182.572,219.66,33.403,46.5,90.5
EV032,CH007-CH008,,,3/21/2018 10:05,3/21/2018 10:13,206.001,245.7,29.019,46,86
EV032,CH007-CH008,,,3/21/2018 9:07,3/21/2018 9:17,161.318,202.14,28.101,44.5,83.5
EV032,CH007-CH008,,,3/21/2018 8:10,3/21/2018 8:19,146.468,165.14,23.462,48.5,82
EV032,CH007-CH008,,,3/21/2018 7:09,3/21/2018 7:20,169.685,217.48,36.266,42,90
EV032,CH007-CH008,,,3/21/2018 6:20,3/21/2018 6:25,162.903,216.32,16.073,,79.5
EV032,CH007-CH008,,,3/20/2018 18:33,3/20/2018 18:45,167.403,184.2,32.192,51.5,96
EV032,CH007-CH008,,,3/20/2018 17:34,3/20/2018 17:43,145.708,163.28,22.292,50,82
EV032,CH007-CH008,,,3/20/2018 16:29,3/20/2018 16:35,88.379,163.78,16.11,62.5,86
EV032,CH007-CH008,,,3/20/2018 15:23,3/20/2018 15:31,218.68,237.26,26.284,62,100
EV032,CH007-CH008,,,3/20/2018 14:22,3/20/2018 14:31,169.08,194.4,27.51,57,95
EV032,CH007-CH008,,,3/20/2018 13:22,3/20/2018 13:31,173.756,196,27.474,56.5,93.5
EV032,CH007-CH008,,,3/20/2018 12:25,3/20/2018 12:30,177.717,200.54,16.476,72,93
EV032,CH007-CH008,,,3/20/2018 11:25,3/20/2018 11:32,176.952,218,18.848,75,100
EV032,CH007-CH008,,,3/20/2018 10:24,3/20/2018 10:30,280.382,336.28,22.508,67,100
EV032,CH007-CH008,,,3/20/2018 9:23,3/20/2018 9:34,185.166,217.98,12.632,56,99.5
EV032,CH007-CH008,,,3/20/2018 8:30,3/20/2018 8:31,60.333,90.66,0.769,98,99
EV032,CH007-CH008,,,3/20/2018 7:23,3/20/2018 7:32,169.745,225.8,26.493,61.5,100
EV032,CH007-CH008,,,3/20/2018 6:23,3/20/2018 6:36,217.99,273.3,31.272,55,100
EV032,CH007-CH008,,,3/19/2018 19:24,3/19/2018 20:50,39.427,42.4,28.586,57,100
EV032,CH007-CH008,,,3/19/2018 16:45,3/19/2018 16:50,148.19,241.7,11.463,84,100
EV032,CH007-CH008,,,3/19/2018 15:43,3/19/2018 15:55,164.385,209.68,33.414,52,98
EV032,CH007-CH008,,,3/19/2018 14:50,3/19/2018 14:58,299.774,330.14,30.936,56.5,98.5
EV032,CH007-CH008,,,3/19/2018 13:54,3/19/2018 13:56,137.946,248.36,6.795,62.5,73.5
EV032,CH007-CH008,,,3/19/2018 12:42,3/19/2018 12:53,207.123,269.58,31.482,55.5,99
EV032,CH007-CH008,,,3/19/2018 11:50,3/19/2018 11:58,188.614,232.04,29.135,54.5,93
EV032,CH007-CH008,,,3/19/2018 10:51,3/19/2018 10:56,183.378,208.8,17.357,62,87
EV032,CH007-CH008,,,3/19/2018 9:49,3/19/2018 9:58,174.449,196.32,25.66,57,92
EV032,CH007-CH008,,,3/19/2018 8:51,3/19/2018 9:00,145.215,171.92,26.333,55,90
EV032,CH007-CH008,,,3/19/2018 7:49,3/19/2018 7:57,171.982,196.08,23.053,57.5,90
EV032,CH007-CH008,,,3/19/2018 6:48,3/19/2018 6:56,254.753,327.76,27.004,54,89.5
EV032,CH007-CH008,,,3/19/2018 5:46,3/19/2018 5:57,160.005,254.48,22.056,65,100
EV032,CH007-CH008,,,3/15/2018 19:24,3/15/2018 19:32,213.713,230.06,24.844,63,98
EV032,CH007-CH008,,,3/15/2018 18:25,3/15/2018 18:26,38.968,58.92,0.616,97.5,99.5
EV032,CH007-CH008,,,3/15/2018 17:20,3/15/2018 17:30,247.801,290.1,27.489,61,100
EV032,CH007-CH008,,,3/15/2018 16:22,3/15/2018 16:32,196.486,250.92,32.379,52.5,97
EV032,CH007-CH008,,,3/15/2018 15:12,3/15/2018 15:17,222.821,261.06,19.105,55,80.5
EV032,CH007-CH008,,,3/15/2018 14:04,3/15/2018 14:14,213.661,239.82,38.743,40,92
EV032,CH007-CH008,,,3/15/2018 13:09,3/15/2018 13:15,224.088,276.74,21.283,46,75.5
EV032,CH007-CH008,,,3/15/2018 12:10,3/15/2018 12:20,68.336,175.48,34.205,39.5,86.5
EV032,CH007-CH008,,,3/15/2018 11:08,3/15/2018 11:14,202.49,237.36,19.295,48,74.5
EV032,CH007-CH008,,,3/15/2018 10:06,3/15/2018 10:10,133.737,193.06,13.883,62.5,83
EV032,CH007-CH008,,,3/15/2018 9:03,3/15/2018 9:14,240.476,300.04,32.304,53.5,98
EV032,CH007-CH008,,,3/15/2018 8:08,3/15/2018 8:20,202.755,249.16,35.872,46,96
EV032,CH007-CH008,,,3/15/2018 7:07,3/15/2018 7:17,181.376,219.94,31.489,42,86
EV032,CH007-CH008,,,3/15/2018 6:11,3/15/2018 6:18,150.727,184.08,22.043,46,76.5
EV032,CH007-CH008,,,3/13/2018 19:19,3/13/2018 19:25,180.101,226.06,20.928,71.5,100
EV032,CH007-CH008,,,3/13/2018 18:14,3/13/2018 18:24,215.28,275.26,29.397,58.5,100
EV032,CH007-CH008,,,3/13/2018 17:13,3/13/2018 17:24,190.225,228.46,30.548,57,98
EV032,CH007-CH008,,,3/13/2018 16:15,3/13/2018 16:24,237.377,291.94,34.976,49.5,96
EV032,CH007-CH008,,,3/13/2018 14:04,3/13/2018 14:14,197.378,239.02,32.792,50.5,96
EV032,CH007-CH008,,,3/13/2018 13:06,3/13/2018 13:11,176.346,229.7,14.861,60,81.5
EV032,CH007-CH008,,,3/13/2018 12:07,3/13/2018 12:11,163.881,248.26,9.574,86,100
EV032,CH007-CH008,,,3/13/2018 11:31,3/13/2018 11:38,210.352,238.52,20.742,72,100
EV032,CH007-CH008,,,3/13/2018 10:05,3/13/2018 10:11,224.348,375.92,22.33,65.5,96
EV032,CH007-CH008,,,3/13/2018 9:03,3/13/2018 9:12,223.991,249.22,32.141,52.5,95
EV032,CH007-CH008,,,3/13/2018 8:13,3/13/2018 8:19,270.538,337.98,28.027,51.5,88.5
EV032,CH007-CH008,,,3/13/2018 7:08,3/13/2018 7:14,199.036,214.16,18.148,55.5,80
EV032,CH007-CH008,,,3/13/2018 6:11,3/13/2018 6:16,234.86,331.7,20.897,58,87.5
EV032,CH007-CH008,,,3/10/2018 10:22,3/10/2018 10:30,185.102,224.9,20.688,72,100
EV032,CH007-CH008,,,3/10/2018 9:21,3/10/2018 9:31,244.238,284.04,29.577,57.5,99.5
EV032,CH007-CH008,,,3/10/2018 8:27,3/10/2018 8:36,173.249,251.06,30.898,50.5,91
EV032,CH007-CH008,,,3/8/2018 16:19,3/8/2018 16:28,204.337,222.5,30.955,55,98
EV032,CH007-CH008,,,3/8/2018 15:25,3/8/2018 15:31,191.697,229.66,22.148,58.5,88.5
EV032,CH007-CH008,,,3/8/2018 14:22,3/8/2018 14:30,233.132,261.7,29.335,55,93.5
EV032,CH007-CH008,,,3/8/2018 13:25,3/8/2018 13:30,252.208,294.14,23.689,57,89
EV032,CH007-CH008,,,3/8/2018 12:23,3/8/2018 12:30,263.561,328.8,25.401,62.5,98
EV032,CH007-CH008,,,3/8/2018 11:25,3/8/2018 11:30,213.109,261.08,14.686,79,97.5
EV032,CH007-CH008,,,3/8/2018 10:22,3/8/2018 10:30,164.535,202.42,26.344,57,92.5
EV032,CH007-CH008,,,3/8/2018 9:22,3/8/2018 9:31,167.807,188.92,25.513,56.5,90.5
EV032,CH007-CH008,,,3/8/2018 8:20,3/8/2018 8:30,165.201,206.56,28.387,55,92
EV032,CH007-CH008,,,3/8/2018 7:28,3/8/2018 7:37,165.745,208,26.632,55,89.5
EV032,CH007-CH008,,,3/8/2018 6:25,3/8/2018 6:35,220.837,313.74,32.599,51,94
EV032,CH007-CH008,,,3/7/2018 15:53,3/7/2018 16:00,148.555,255.06,15.662,78,99.5
EV032,CH007-CH008,,,3/7/2018 14:56,3/7/2018 15:08,133.902,248.24,23.594,65,100
EV032,CH007-CH008,,,3/3/2018 19:11,3/3/2018 19:23,148.571,249.42,13.965,55.5,98
EV032,CH007-CH008,,,3/3/2018 18:21,3/3/2018 18:33,152.505,169.32,29.95,55,94.5
EV032,CH007-CH008,,,3/3/2018 17:21,3/3/2018 17:35,143.137,168.4,40.823,40.5,95.5
EV032,CH007-CH008,,,3/3/2018 16:25,3/3/2018 16:35,139.927,177.78,26.004,37.5,73.5
EV032,CH007-CH008,,,3/3/2018 15:21,3/3/2018 15:33,136.155,157.48,28.915,31.5,72.5
EV032,CH007-CH008,,,3/3/2018 14:27,3/3/2018 14:36,135.668,154.1,21.032,48.5,77.5
EV032,CH007-CH008,,,3/3/2018 13:31,3/3/2018 13:40,150.065,177.28,25.802,62.5,100
EV032,CH007-CH008,,,3/3/2018 12:21,3/3/2018 12:35,-7.98,76,34.501,50,97
EV032,CH007-CH008,,,3/3/2018 11:29,3/3/2018 11:36,185.071,269.56,21.996,65.5,96.5
EV032,CH007-CH008,,,3/3/2018 10:27,3/3/2018 10:38,179.583,299.38,27.856,55.5,92.5
EV032,CH007-CH008,,,3/3/2018 9:31,3/3/2018 9:41,155.336,186.24,26.54,51.5,87.5
EV032,CH007-CH008,,,3/3/2018 8:33,3/3/2018 8:46,131.563,160.74,28.454,50,89
EV032,CH007-CH008,,,3/1/2018 17:14,3/1/2018 18:41,39.238,41.54,25.238,56,99.5
EV032,CH007-CH008,,,3/1/2018 15:24,3/1/2018 15:34,121.138,162.92,29.671,48.5,88
EV032,CH007-CH008,,,3/1/2018 14:24,3/1/2018 14:32,204.845,271.84,27.547,50,87
EV032,CH007-CH008,,,3/1/2018 13:26,3/1/2018 13:39,124.559,142.48,28.729,49.5,88
EV032,CH007-CH008,,,3/1/2018 12:28,3/1/2018 12:40,149.08,171.02,31.822,45,88
EV032,CH007-CH008,,,3/1/2018 11:27,3/1/2018 11:40,135.289,151.3,30.194,47.5,88
EV032,CH007-CH008,,,3/1/2018 10:32,3/1/2018 10:41,169.841,299.76,29.52,48.5,88
EV032,CH007-CH008,,,3/1/2018 9:36,3/1/2018 9:47,158.532,208.64,30.732,48.5,89.5
EV032,CH007-CH008,,,3/1/2018 8:37,3/1/2018 8:47,176.939,231.18,17.681,44,90
EV032,CH007-CH008,,,3/1/2018 7:28,3/1/2018 7:38,210.817,248.06,31.472,45.5,87.5
EV032,CH007-CH008,,,3/1/2018 6:24,3/1/2018 6:35,205.744,285.56,36.987,38,87.5
EV032,CH007-CH008,,,2/27/2018 17:10,2/27/2018 17:22,183.873,199.02,29.978,57,100
EV032,CH007-CH008,,,2/27/2018 16:12,2/27/2018 16:18,159.418,184.8,15.78,74.5,95
EV032,CH007-CH008,,,2/27/2018 15:17,2/27/2018 15:23,169.209,201.4,21.354,63.5,94
EV032,CH007-CH008,,,2/27/2018 14:07,2/27/2018 14:19,174.793,249.66,31.485,56,99
EV032,CH007-CH008,,,2/27/2018 13:07,2/27/2018 13:18,190.684,224.24,33.301,50.5,95
EV032,CH007-CH008,,,2/27/2018 12:05,2/27/2018 12:14,185.272,228.24,26.127,49.5,86
EV032,CH007-CH008,,,2/27/2018 11:08,2/27/2018 11:19,185.033,215.9,36.441,44.5,93
EV032,CH007-CH008,,,2/27/2018 10:09,2/27/2018 10:21,142.062,164.72,33.953,43,88.5
EV032,CH007-CH008,,,2/27/2018 9:06,2/27/2018 9:26,142.71,196.22,52.222,23,93.5
EV032,CH007-CH008,,,2/27/2018 8:10,2/27/2018 8:24,135.648,155.74,37.515,25.5,77.5
EV032,CH007-CH008,,,2/27/2018 7:08,2/27/2018 7:21,112.876,168.44,22.751,29.5,79
EV032,CH007-CH008,,,2/27/2018 6:12,2/27/2018 6:23,112.362,152.94,30.684,36.5,81
EV032,CH007-CH008,,,2/26/2018 19:06,2/26/2018 21:17,37.491,42,46.296,31,95.5
EV032,CH007-CH008,,,2/26/2018 15:40,2/26/2018 15:45,189.372,234.92,18.479,63,88
EV032,CH007-CH008,,,2/26/2018 14:22,2/26/2018 14:30,247.202,313.38,32.521,49.5,93
EV032,CH007-CH008,,,2/26/2018 13:23,2/26/2018 13:32,189.883,225.6,27.498,51.5,88
EV032,CH007-CH008,,,2/26/2018 12:22,2/26/2018 12:30,147.499,174.96,20.498,50.5,79
EV032,CH007-CH008,,,2/26/2018 11:23,2/26/2018 11:32,182.247,219.96,27.862,51.5,89
EV032,CH007-CH008,,,2/26/2018 10:22,2/26/2018 10:30,236.884,284.98,30.526,51.5,92.5
EV032,CH007-CH008,,,2/26/2018 9:23,2/26/2018 9:30,224.583,254.6,27.081,54,90
EV032,CH007-CH008,,,2/26/2018 8:24,2/26/2018 8:32,300.903,367.24,31.452,53,94.5
EV032,CH007-CH008,,,2/26/2018 7:22,2/26/2018 7:30,227.515,379.58,30.45,53,93
EV032,CH007-CH008,,,2/26/2018 6:24,2/26/2018 6:35,248.376,359.4,31.204,52.5,93.5
EV032,CH007-CH008,,,2/25/2018 17:18,2/25/2018 18:55,38.429,44,25.25,61,100
EV032,CH007-CH008,,,2/23/2018 17:38,2/23/2018 17:49,192.335,275.58,30.872,56.5,100
EV032,CH007-CH008,,,2/23/2018 16:17,2/23/2018 16:28,164.292,271.96,30.911,56,99
EV032,CH007-CH008,,,2/23/2018 15:30,2/23/2018 15:35,281.225,375.28,23.36,56.5,87.5
EV032,CH007-CH008,,,2/23/2018 14:25,2/23/2018 14:30,287.603,376.62,24.977,56.5,90
EV032,CH007-CH008,,,2/23/2018 13:24,2/23/2018 13:30,284.097,353.3,27.819,54,90.5
EV032,CH007-CH008,,,2/23/2018 12:23,2/23/2018 12:31,285.458,358.54,35.779,48,95.5
EV032,CH007-CH008,,,2/23/2018 11:28,2/23/2018 11:34,307.965,356.12,28.406,50,87.5
EV032,CH007-CH008,,,2/23/2018 10:29,2/23/2018 10:37,209.569,279.38,27.687,52.5,89.5
EV032,CH007-CH008,,,2/23/2018 9:22,2/23/2018 9:29,264.838,349.64,31.868,50.5,93.5
EV032,CH007-CH008,,,2/23/2018 8:23,2/23/2018 8:32,329.167,372.12,32.686,49.5,93.5
EV032,CH007-CH008,,,2/23/2018 7:21,2/23/2018 7:30,318.377,365.52,35.104,46.5,93.5
EV032,CH007-CH008,,,2/23/2018 6:25,2/23/2018 6:34,227.833,354.48,36.424,38,87.5
EV032,CH007-CH008,,,2/22/2018 18:01,2/22/2018 18:14,255.012,282.2,47.496,33.5,98.5
EV032,CH007-CH008,,,2/22/2018 16:59,2/22/2018 17:04,312.419,359.28,28.492,40.5,79.5
EV032,CH007-CH008,,,2/22/2018 15:53,2/22/2018 15:58,290.2,343.58,29.246,42,81.5
EV032,CH007-CH008,,,2/22/2018 14:53,2/22/2018 14:56,66.631,195.16,16.849,53.5,77
EV032,CH007-CH008,,,2/22/2018 13:45,2/22/2018 13:53,282.391,349.9,29.379,57.5,97.5
EV032,CH007-CH008,,,2/22/2018 12:44,2/22/2018 12:54,308.274,359.28,32.122,55,98
EV032,CH007-CH008,,,2/22/2018 11:41,2/22/2018 11:52,243.183,274.28,41.372,40,96.5
EV032,CH007-CH008,,,2/22/2018 7:49,2/22/2018 7:58,318.413,360.92,35.268,46,95
EV032,CH007-CH008,,,2/22/2018 6:50,2/22/2018 7:00,288.53,345.96,36.81,43,92
EV032,CH007-CH008,,,2/22/2018 5:50,2/22/2018 5:56,183.31,290.52,13.188,80.5,99.5
EV032,CH007-CH008,,,2/19/2018 19:15,2/19/2018 19:25,228.15,338.02,31.802,55,100
EV032,CH007-CH008,,,2/19/2018 18:23,2/19/2018 18:28,305.588,373.18,19.957,73,100
EV032,CH007-CH008,,,2/19/2018 17:24,2/19/2018 17:32,226.839,349.42,27.155,61,98.5
EV032,CH007-CH008,,,2/19/2018 16:27,2/19/2018 16:33,300.624,369.28,24.262,61,94.5
EV032,CH007-CH008,,,2/19/2018 15:24,2/19/2018 15:32,272.407,353.98,31.957,54.5,96.5
EV032,CH007-CH008,,,2/19/2018 14:26,2/19/2018 14:33,247.052,320.28,26.359,58.5,95.5
EV032,CH007-CH008,,,2/19/2018 13:30,2/19/2018 13:38,300.063,349.24,32.594,52,96.5
EV032,CH007-CH008,,,2/19/2018 12:25,2/19/2018 12:35,285.514,362,33.133,54.5,99.5
EV032,CH007-CH008,,,2/19/2018 11:27,2/19/2018 11:33,251.587,303.2,20.851,71.5,99.5
EV032,CH007-CH008,,,2/19/2018 10:27,2/19/2018 10:38,226.03,323.64,30.178,56,98.5
EV032,CH007-CH008,,,2/19/2018 9:27,2/19/2018 9:40,230.378,328.44,40.461,42,97
EV032,CH007-CH008,,,2/19/2018 8:24,2/19/2018 8:37,237.935,275.78,40.2,29.5,84.5
EV032,CH007-CH008,,,2/16/2018 18:35,2/16/2018 18:50,247.046,289.42,65.027,11.5,99
EV032,CH007-CH008,,,2/16/2018 16:31,2/16/2018 16:36,330.305,361.54,28.557,50,88
EV032,CH007-CH008,,,2/16/2018 15:26,2/16/2018 15:30,210.628,317.8,12.001,52,70
EV032,CH007-CH008,,,2/16/2018 14:25,2/16/2018 14:30,308.564,373.7,25.901,56,90
EV032,CH007-CH008,,,2/16/2018 13:24,2/16/2018 13:30,178.109,344.62,25.385,57.5,91.5
EV032,CH007-CH008,,,2/16/2018 12:22,2/16/2018 12:30,281.379,341.56,29.457,56,95
EV032,CH007-CH008,,,2/16/2018 11:22,2/16/2018 11:30,260.777,374.86,32.332,52.5,96.5
EV032,CH007-CH008,,,2/16/2018 10:24,2/16/2018 10:31,279.466,354.94,32.095,50,92.5
EV032,CH007-CH008,,,2/16/2018 9:26,2/16/2018 9:32,298.538,360.9,28.568,51.5,89
EV032,CH007-CH008,,,2/16/2018 8:22,2/16/2018 8:30,322.146,375.76,32.25,51,94
EV032,CH007-CH008,,,2/16/2018 7:22,2/16/2018 7:30,241.83,367.04,36.027,45.5,93.5
EV032,CH007-CH008,,,2/16/2018 6:25,2/16/2018 6:34,292.195,364,40.483,35,88.5
EV032,CH007-CH008,,,2/10/2018 18:53,2/10/2018 18:59,233.224,379.28,24.916,64.5,100
EV032,CH007-CH008,,,2/10/2018 17:52,2/10/2018 17:57,253.892,302.22,20.462,72.5,100
EV032,CH007-CH008,,,2/10/2018 16:55,2/10/2018 17:05,210.941,238.18,28.255,60,100
EV032,CH007-CH008,,,2/10/2018 15:54,2/10/2018 16:01,259.604,336.7,23.015,65.5,99
EV032,CH007-CH008,,,2/10/2018 14:56,2/10/2018 15:04,218.929,306.64,28.963,57,96.5
EV032,CH007-CH008,,,2/10/2018 13:55,2/10/2018 14:01,248.925,325.1,20.503,72.5,100
EV032,CH007-CH008,,,2/10/2018 12:57,2/10/2018 13:05,225.271,297.46,27.759,58.5,97
EV032,CH007-CH008,,,2/10/2018 11:58,2/10/2018 12:04,230.033,280.06,21.012,71.5,99.5
EV032,CH007-CH008,,,2/10/2018 10:58,2/10/2018 11:04,260.846,371.24,20.936,72,100
EV032,CH007-CH008,,,2/10/2018 9:58,2/10/2018 10:04,232.451,288.24,19.089,74,100
EV032,CH007-CH008,,,2/10/2018 8:55,2/10/2018 9:08,152.437,344.2,31.143,55.5,100
EV032,CH007-CH008,,,2/7/2018 12:09,2/7/2018 12:26,34.714,42.56,11.852,82,100
EV032,CH007-CH008,,,2/6/2018 17:59,2/6/2018 18:09,298.558,349.12,46.504,36,98.5
EV032,CH007-CH008,,,2/6/2018 17:02,2/6/2018 17:08,325.028,365.94,33.47,28,73.5
EV032,CH007-CH008,,,2/6/2018 15:59,2/6/2018 16:05,153.877,248.16,15.561,46,65.5
EV032,CH007-CH008,,,2/6/2018 14:50,2/6/2018 14:57,264.483,308.74,36.037,37.5,86.5
EV032,CH007-CH008,,,2/6/2018 12:43,2/6/2018 12:52,292.01,330.5,29.974,58,100
EV032,CH007-CH008,,,2/6/2018 11:46,2/6/2018 11:53,208.228,319.86,23.944,64.5,100
EV032,CH007-CH008,,,2/6/2018 10:39,2/6/2018 10:49,252.865,296.56,33.231,51.5,97.5
EV032,CH007-CH008,,,2/6/2018 9:42,2/6/2018 9:51,275.741,313.7,32.911,51.5,96
EV032,CH007-CH008,,,2/6/2018 8:43,2/6/2018 8:51,277.187,342.16,30.629,53.5,94
EV032,CH007-CH008,,,2/6/2018 7:41,2/6/2018 7:52,223.462,283.8,38.359,44.5,96.5
EV032,CH007-CH008,,,2/6/2018 6:46,2/6/2018 6:56,171.907,293.88,40.793,40,95
EV032,CH007-CH008,,,2/6/2018 5:52,2/6/2018 5:54,177.485,269.8,6.62,89.5,99.5
EV032,CH007-CH008,,,2/5/2018 19:19,2/5/2018 19:30,195.715,261.2,32.769,55.5,100
EV032,CH007-CH008,,,2/5/2018 18:13,2/5/2018 18:23,313.541,348.48,41.316,43,98.5
EV032,CH007-CH008,,,2/5/2018 17:11,2/5/2018 17:17,277.658,326.1,31.534,37.5,80.5
EV032,CH007-CH008,,,2/5/2018 16:12,2/5/2018 16:19,208.952,240.54,28.862,37,77
EV032,CH007-CH008,,,2/5/2018 15:19,2/5/2018 15:24,277.357,318.06,19.612,49.5,76.5
EV032,CH007-CH008,,,2/5/2018 14:07,2/5/2018 14:15,305.338,362.8,34.504,50,97
EV032,CH007-CH008,,,2/5/2018 13:05,2/5/2018 13:11,277.764,312.68,26.34,53,88
EV032,CH007-CH008,,,2/5/2018 12:04,2/5/2018 12:11,171.579,264.08,27.508,54,90
EV032,CH007-CH008,,,2/5/2018 11:05,2/5/2018 11:13,298.779,350.2,32.949,51,95
EV032,CH007-CH008,,,2/5/2018 10:03,2/5/2018 10:14,254.026,285.96,41.529,41.5,98
EV032,CH007-CH008,,,2/5/2018 9:04,2/5/2018 9:16,151.453,283.06,36.272,32.5,82.5
EV032,CH007-CH008,,,2/5/2018 8:11,2/5/2018 8:20,181.898,255.52,29.935,37.5,78
EV032,CH007-CH008,,,2/5/2018 7:11,2/5/2018 7:19,231.037,255.26,36.761,36.5,86.5
EV032,CH007-CH008,,,2/5/2018 6:11,2/5/2018 6:18,271.08,337.5,32.592,42.5,86.5
EV032,CH007-CH008,,,2/2/2018 17:52,2/2/2018 18:04,159.47,262.6,13.521,56.5,100
EV032,CH007-CH008,,,2/2/2018 16:32,2/2/2018 16:44,249.38,306.04,49.134,32.5,98.5
EV032,CH007-CH008,,,2/2/2018 15:04,2/2/2018 15:08,277.585,352.74,17.376,50.5,74.5
EV032,CH007-CH008,,,2/2/2018 13:45,2/2/2018 13:54,262.596,339.18,39.198,45,98
EV032,CH007-CH008,,,2/2/2018 12:52,2/2/2018 12:56,253.22,311.14,18.015,55,79
EV032,CH007-CH008,,,2/2/2018 11:47,2/2/2018 11:56,252.926,373.78,32.045,55,96.5
EV032,CH007-CH008,,,2/2/2018 10:43,2/2/2018 10:52,329.202,366.8,38.99,45,97.5
EV032,CH007-CH008,,,2/2/2018 9:48,2/2/2018 9:55,237.72,291.28,28.259,43.5,83
EV032,CH007-CH008,,,2/2/2018 8:53,2/2/2018 8:59,168.315,273.68,18.258,50.5,75.5
EV032,CH007-CH008,,,2/2/2018 7:45,2/2/2018 7:57,242.834,270.52,41.743,40.5,97.5
EV032,CH007-CH008,,,2/2/2018 6:48,2/2/2018 6:57,318.04,349.06,43.561,31,88
EV032,CH007-CH008,,,2/2/2018 6:00,2/2/2018 6:03,279.763,360.12,14.057,55.5,76
EV032,CH007-CH008,,,1/29/2018 19:20,1/29/2018 19:28,272.811,374.58,35.453,48.5,97
EV032,CH007-CH008,,,1/29/2018 18:13,1/29/2018 18:28,175.797,237.58,49.769,31,98.5
EV032,CH007-CH008,,,1/29/2018 17:09,1/29/2018 17:17,204.828,269.86,29.023,35.5,75
EV032,CH007-CH008,,,1/29/2018 16:13,1/29/2018 16:19,209.65,271.76,25.323,40,75
EV032,CH007-CH008,,,1/29/2018 15:15,1/29/2018 15:21,194.346,275.02,19.596,50,77
EV032,CH007-CH008,,,1/29/2018 14:07,1/29/2018 14:16,221.791,239.6,36.952,43.5,92.5
EV032,CH007-CH008,,,1/29/2018 13:05,1/29/2018 13:12,126.188,257.56,16.471,53.5,76
EV032,CH007-CH008,,,1/29/2018 12:04,1/29/2018 12:13,277.169,356.08,33.724,50,95
EV032,CH007-CH008,,,1/29/2018 11:02,1/29/2018 11:14,175.576,306.2,35.456,47,95.5
EV032,CH007-CH008,,,1/29/2018 10:04,1/29/2018 10:15,255.957,281.02,42.771,38,99.5
EV032,CH007-CH008,,,1/29/2018 9:06,1/29/2018 9:17,270.885,312.82,53.855,14,86.5
EV032,CH007-CH008,,,1/29/2018 8:10,1/29/2018 8:18,246.827,276.34,28.86,29.5,70
EV032,CH007-CH008,,,1/29/2018 7:10,1/29/2018 7:20,184.125,210.66,31.848,36,79.5
EV032,CH007-CH008,,,1/29/2018 6:11,1/29/2018 6:22,191.343,230.06,36.205,35,85.5
EV032,CH007-CH008,,,1/26/2018 18:35,1/26/2018 18:43,276.639,376.56,31.61,53.5,95.5
EV032,CH007-CH008,,,1/26/2018 17:37,1/26/2018 17:43,263.739,335.46,27.094,53.5,89.5
EV032,CH007-CH008,,,1/26/2018 16:29,1/26/2018 16:36,226.239,258.04,27.975,53.5,91
EV032,CH007-CH008,,,1/26/2018 15:29,1/26/2018 15:34,260.598,334.3,23.068,57,88
EV032,CH007-CH008,,,1/26/2018 14:23,1/26/2018 14:31,276.992,353.96,31.331,53.5,95
EV032,CH007-CH008,,,1/26/2018 13:27,1/26/2018 13:32,31.097,165.02,26.15,55,89
EV032,CH007-CH008,,,1/26/2018 12:22,1/26/2018 12:29,240.988,322.86,31.799,52,94.5
EV032,CH007-CH008,,,1/26/2018 11:25,1/26/2018 11:31,279.442,336.9,26.601,54.5,89.5
EV032,CH007-CH008,,,1/26/2018 10:23,1/26/2018 10:29,267.448,357.48,31.494,51,92.5
EV032,CH007-CH008,,,1/26/2018 9:24,1/26/2018 9:32,205.428,287.34,30.045,51.5,91.5
EV032,CH007-CH008,,,1/26/2018 8:20,1/26/2018 8:29,260.976,378.06,32.641,50,95.5
EV032,CH007-CH008,,,1/26/2018 7:22,1/26/2018 7:30,247.729,318.72,31.466,48.5,91
EV032,CH007-CH008,,,1/26/2018 6:24,1/26/2018 6:33,220.237,323.14,33.328,45,89.5
EV032,CH007-CH008,,,1/25/2018 18:40,1/25/2018 18:50,173.746,328.2,31.583,55,98.5
EV032,CH007-CH008,,,1/25/2018 17:39,1/25/2018 17:46,250.115,313.18,27.441,53.5,89.5
EV032,CH007-CH008,,,1/25/2018 16:41,1/25/2018 16:48,196.633,263.6,27.376,53.5,89.5
EV032,CH007-CH008,,,1/25/2018 15:41,1/25/2018 15:48,254.714,312.22,27.132,55.5,91
EV032,CH007-CH008,,,1/25/2018 14:26,1/25/2018 14:35,259.712,337.92,31.848,53,97
EV032,CH007-CH008,,,1/25/2018 13:24,1/25/2018 13:31,191.125,253.8,28.424,52.5,89.5
EV032,CH007-CH008,,,1/25/2018 12:25,1/25/2018 12:31,294.323,344.06,29.732,51.5,91
EV032,CH007-CH008,,,1/25/2018 11:24,1/25/2018 11:31,236.154,301.14,31.001,50.5,91.5
EV032,CH007-CH008,,,1/25/2018 10:22,1/25/2018 10:29,263.638,327.68,30.168,51,91
EV032,CH007-CH008,,,1/25/2018 9:22,1/25/2018 9:31,244.942,337.04,32.817,50,95.5
EV032,CH007-CH008,,,1/25/2018 8:23,1/25/2018 8:30,293.017,331.24,30.356,49.5,89.5
EV032,CH007-CH008,,,1/25/2018 7:22,1/25/2018 7:31,227.636,269.52,31.819,48,90.5
EV032,CH007-CH008,,,1/25/2018 6:26,1/25/2018 6:36,237.245,337.04,33.131,44.5,88.5
EV032,CH007-CH008,,,1/22/2018 17:47,1/22/2018 17:58,265.213,298.12,31.523,55.5,99
EV032,CH007-CH008,,,1/22/2018 16:41,1/22/2018 16:52,217.066,235.82,37.641,45.5,97
EV032,CH007-CH008,,,1/22/2018 15:49,1/22/2018 15:52,243.114,292.04,14.398,54.5,74
EV032,CH007-CH008,,,1/22/2018 14:50,1/22/2018 14:56,273.588,312.84,24.216,55.5,87.5
EV032,CH007-CH008,,,1/22/2018 13:44,1/22/2018 13:54,286.962,338.08,40.651,43.5,97.5
EV032,CH007-CH008,,,1/22/2018 12:44,1/22/2018 12:51,242.177,328.94,32.547,37.5,82.5
EV032,CH007-CH008,,,1/22/2018 11:46,1/22/2018 11:53,214.11,270.32,26.972,41.5,78.5
EV032,CH007-CH008,,,1/22/2018 10:41,1/22/2018 10:50,173.885,190.12,26.239,49,86
EV032,CH007-CH008,,,1/22/2018 9:42,1/22/2018 9:52,248.907,274.3,40.697,39,94
EV032,CH007-CH008,,,1/22/2018 8:43,1/22/2018 8:52,162.65,218.22,25.172,46.5,82
EV032,CH007-CH008,,,1/22/2018 7:41,1/22/2018 7:54,247.578,318.92,39.293,42.5,96
EV032,CH007-CH008,,,1/22/2018 6:45,1/22/2018 6:54,233.389,282.4,36.029,37,87
EV032,CH007-CH008,,,1/22/2018 5:55,1/22/2018 6:00,288.664,378.78,19.15,56.5,84.5
EV032,CH007-CH008,,,1/16/2018 17:50,1/16/2018 17:58,216.757,241.92,25.51,62.5,99
EV032,CH007-CH008,,,1/16/2018 16:45,1/16/2018 16:55,205.733,263,29.76,57.5,97.5
EV032,CH007-CH008,,,1/16/2018 15:44,1/16/2018 15:52,297.777,365.96,29.982,54.5,93.5
EV032,CH007-CH008,,,1/16/2018 14:47,1/16/2018 14:51,314.154,369.56,19.653,60,87.5
EV032,CH007-CH008,,,1/16/2018 13:45,1/16/2018 13:52,238.6,361.32,27.6,56,92.5
EV032,CH007-CH008,,,1/16/2018 12:42,1/16/2018 12:51,239.888,267.26,34.234,48.5,94.5
EV032,CH007-CH008,,,1/16/2018 11:46,1/16/2018 11:52,282.629,356.64,29.936,50.5,90
EV032,CH007-CH008,,,1/16/2018 10:44,1/16/2018 10:50,273.227,302.74,25.724,51,86.5
EV032,CH007-CH008,,,1/16/2018 9:43,1/16/2018 9:55,283.96,321.44,52.375,27,97
EV032,CH007-CH008,,,1/16/2018 8:46,1/16/2018 8:53,159.484,228.8,26.143,32.5,69.5
EV032,CH007-CH008,,,1/16/2018 7:43,1/16/2018 7:51,278.8,310.16,35.052,31,78.5
EV032,CH007-CH008,,,1/16/2018 6:47,1/16/2018 6:55,173.648,222.08,23.406,43,75
EV032,CH007-CH008,,,1/16/2018 5:53,1/16/2018 5:59,101.569,219.8,15.759,74.5,95
EV032,CH007-CH008,,,1/14/2018 18:51,1/14/2018 18:58,236.162,284.24,28.283,56.5,94.5
EV032,CH007-CH008,,,1/14/2018 17:49,1/14/2018 17:59,245.864,271.3,32.822,53.5,99
EV032,CH007-CH008,,,1/14/2018 16:50,1/14/2018 17:01,177.268,232.94,35.204,47.5,95
EV032,CH007-CH008,,,1/14/2018 15:56,1/14/2018 16:01,218.042,261.5,18.598,55,80
EV032,CH007-CH008,,,1/14/2018 14:51,1/14/2018 15:00,250.273,302.48,26.34,62.5,100
EV032,CH007-CH008,,,1/14/2018 13:52,1/14/2018 14:04,145.239,182.48,32.242,55,100
EV032,CH007-CH008,,,1/14/2018 12:56,1/14/2018 13:04,217.051,371.22,26.111,62.5,100
EV032,CH007-CH008,,,1/14/2018 11:54,1/14/2018 12:03,206.73,284.12,25.882,62,100
EV032,CH007-CH008,,,1/14/2018 10:52,1/14/2018 10:57,279.864,371.16,17.415,75.5,99.5
EV032,CH007-CH008,,,1/14/2018 9:51,1/14/2018 10:05,138.255,332.9,31.654,55,100
EV032,CH007-CH008,,,1/14/2018 8:52,1/14/2018 9:08,172.957,242.16,39.858,40.5,96
EV032,CH007-CH008,,,1/10/2018 22:48,1/10/2018 23:02,169.231,279.12,36.931,49,98.5
EV032,CH007-CH008,,,1/10/2018 22:27,1/10/2018 22:29,-0.9,-0.76,0.016,55.5,55.5
EV032,CH007-CH008,,,1/8/2018 19:17,1/8/2018 19:30,170.105,222.08,35.683,47.5,96.5
EV032,CH007-CH008,,,1/8/2018 18:12,1/8/2018 18:26,206.437,232.24,46.363,35,98
EV032,CH007-CH008,,,1/8/2018 17:06,1/8/2018 17:17,174.008,231.06,30.234,33,74.5
EV032,CH007-CH008,,,1/8/2018 16:09,1/8/2018 16:17,178.398,221,26.326,37.5,74
EV032,CH007-CH008,,,1/8/2018 15:16,1/8/2018 15:20,191.437,230.18,15.448,52.5,74
EV032,CH007-CH008,,,1/8/2018 14:01,1/8/2018 14:11,206.499,278.78,33.442,50,95
EV032,CH007-CH008,,,1/8/2018 13:02,1/8/2018 13:11,231.721,328.88,34.482,49.5,96.5
EV032,CH007-CH008,,,1/8/2018 12:04,1/8/2018 12:11,257.572,332.18,33.214,46,90
EV032,CH007-CH008,,,1/8/2018 11:01,1/8/2018 11:10,-16.555,-16.36,34.582,48,95
EV032,CH007-CH008,,,1/8/2018 10:02,1/8/2018 10:13,248.874,328.28,42.053,40,98
EV032,CH007-CH008,,,1/8/2018 9:05,1/8/2018 9:15,208.767,262.12,33.675,45,89.5
EV032,CH007-CH008,,,1/8/2018 8:09,1/8/2018 8:16,278.91,347.46,34.276,47,92.5
EV032,CH007-CH008,,,1/8/2018 7:08,1/8/2018 7:15,284.689,364.98,33.79,48,94.5
EV032,CH007-CH008,,,1/8/2018 6:12,1/8/2018 6:21,283.306,352.32,36.01,43.5,92
EV032,CH007-CH008,,,1/7/2018 19:10,1/7/2018 19:17,313.167,365.3,25.02,62.5,99.5
EV032,CH007-CH008,,,1/7/2018 18:20,1/7/2018 18:25,244.817,367.68,19.206,74,100
EV032,CH007-CH008,,,1/7/2018 17:21,1/7/2018 17:27,192.876,330.76,19.879,73,100
EV032,CH007-CH008,,,1/7/2018 16:23,1/7/2018 16:30,257.044,325.1,21.65,67,100
EV032,CH007-CH008,,,1/7/2018 15:25,1/7/2018 15:32,310.667,377.4,26.445,61.5,100
EV032,CH007-CH008,,,1/7/2018 14:22,1/7/2018 14:31,315.484,363.92,29.495,57.5,100
EV032,CH007-CH008,,,1/7/2018 13:25,1/7/2018 13:31,287.76,378.54,25.424,62.5,100
EV032,CH007-CH008,,,1/7/2018 12:24,1/7/2018 12:33,350.676,371.82,32.228,55,99
EV032,CH007-CH008,,,1/7/2018 11:23,1/7/2018 11:29,311.971,350.16,24.759,63.5,99
EV032,CH007-CH008,,,1/7/2018 10:21,1/7/2018 10:31,281.862,359.38,32.318,55,99
EV032,CH007-CH008,,,1/7/2018 9:21,1/7/2018 9:30,287.475,375.58,32.415,53,97.5
EV032,CH007-CH008,,,1/7/2018 8:20,1/7/2018 8:30,190.513,344.8,40.08,41.5,96
EV032,CH007-CH008,,,1/6/2018 18:48,1/6/2018 18:53,173.612,283.76,24.583,64,98.5
EV032,CH007-CH008,,,1/6/2018 17:54,1/6/2018 18:01,227.488,376.12,27.636,60,98.5
EV032,CH007-CH008,,,1/6/2018 16:52,1/6/2018 17:01,288.78,325.32,30.817,56.5,100
EV032,CH007-CH008,,,1/6/2018 15:52,1/6/2018 15:59,286.108,316.32,26.378,61.5,99
EV032,CH007-CH008,,,1/6/2018 14:53,1/6/2018 15:02,327.683,356.04,31.886,56,100
EV032,CH007-CH008,,,1/6/2018 13:50,1/6/2018 13:58,268.61,339.22,32.794,54,98
EV032,CH007-CH008,,,1/6/2018 12:57,1/6/2018 13:03,281.749,373.16,21.135,71.5,100
EV032,CH007-CH008,,,1/6/2018 11:55,1/6/2018 12:03,279.646,379.02,25.108,64,100
EV032,CH007-CH008,,,1/6/2018 10:54,1/6/2018 10:59,274.269,374.28,19.84,73.5,100
EV032,CH007-CH008,,,1/6/2018 9:55,1/6/2018 10:03,198.537,377.32,26.145,62.5,100
EV032,CH007-CH008,,,1/6/2018 8:52,1/6/2018 9:02,295.586,352.72,39.954,42,96
EV032,CH007-CH008,,,1/5/2018 18:32,1/5/2018 18:38,291.195,357.2,21.168,71.5,100
EV032,CH007-CH008,,,1/5/2018 17:34,1/5/2018 17:43,267.299,306.72,29.984,57.5,99.5
EV032,CH007-CH008,,,1/5/2018 16:26,1/5/2018 16:32,330.845,365.38,23.947,65.5,100
EV032,CH007-CH008,,,1/5/2018 15:28,1/5/2018 15:35,311.287,357.94,28.25,59,98
EV032,CH007-CH008,,,1/5/2018 14:21,1/5/2018 14:29,296.819,373.64,27.469,60.5,100
EV032,CH007-CH008,,,1/5/2018 13:23,1/5/2018 13:31,286.904,345.22,26.013,62.5,99
EV032,CH007-CH008,,,1/5/2018 12:21,1/5/2018 12:29,312.374,362.3,32.071,55,97
EV032,CH007-CH008,,,1/5/2018 11:28,1/5/2018 11:32,276.32,340.32,22.689,57.5,88.5
EV032,CH007-CH008,,,1/5/2018 10:23,1/5/2018 10:31,233.046,377.22,30.904,56,97
EV032,CH007-CH008,,,1/5/2018 9:24,1/5/2018 9:29,310.964,353.2,24.519,60,94.5
EV032,CH007-CH008,,,1/5/2018 8:22,1/5/2018 8:30,237.918,376.78,31.238,56,96.5
EV032,CH007-CH008,,,1/5/2018 7:21,1/5/2018 7:29,302.867,380.5,33.21,50,94
EV032,CH007-CH008,,,1/5/2018 6:25,1/5/2018 6:34,254.277,337.78,36.742,40,88.5
EV032,CH007-CH008,,,1/3/2018 15:28,1/3/2018 15:52,22.699,41.42,13.089,61.5,86
EV032,CH007-CH008,,,1/3/2018 15:10,1/3/2018 15:16,-0.763,-0.7,0.027,60,62
EV032,CH007-CH008,,,1/2/2018 14:49,1/2/2018 14:51,-0.683,-0.66,0.009,60.5,60.5
EV032,CH007-CH008,,,1/2/2018 14:31,1/2/2018 14:35,-0.778,-0.74,0.016,61,60.5
